102.020833333333	1.08750186630597
102.041666666667	1.08716248594931
102.062500000000	1.08682336845806
102.083333333333	1.08648451362066
102.104166666667	1.08614592122555
102.125000000000	1.08580759106118
102.145833333333	1.08546952291602
102.166666666667	1.08513171657856
102.187500000000	1.08479417183728
102.208333333333	1.08445688848070
102.229166666667	1.08411986629734
102.250000000000	1.08378310507575
102.270833333333	1.08344660460448
102.291666666667	1.08311036467211
102.312500000000	1.08277438506723
102.333333333333	1.08243866557843
102.354166666667	1.08210320599435
102.375000000000	1.08176800610362
102.395833333333	1.08143306569491
102.416666666667	1.08109838455689
102.437500000000	1.08076396247826
102.458333333333	1.08042979924774
102.479166666667	1.08009589465405
102.500000000000	1.07976224848595
102.520833333333	1.07942886053222
102.541666666667	1.07909573058165
102.562500000000	1.07876285842306
102.583333333333	1.07843024384529
102.604166666667	1.07809788663719
102.625000000000	1.07776578658764
102.645833333333	1.07743394348554
102.666666666667	1.07710235711983
102.687500000000	1.07677102727945
102.708333333333	1.07643995375338
102.729166666667	1.07610913633060
102.750000000000	1.07577857480014
102.770833333333	1.07544826895104
102.791666666667	1.07511821857237
102.812500000000	1.07478842345322
102.833333333333	1.07445888338272
102.854166666667	1.07412959815000
102.875000000000	1.07380056754425
102.895833333333	1.07347179135465
102.916666666667	1.07314326937044
102.937500000000	1.07281500138086
102.958333333333	1.07248698717519
102.979166666667	1.07215922654274
103.000000000000	1.07183171927285
103.020833333333	1.07150446515488
103.041666666667	1.07117746397822
103.062500000000	1.07085071553229
103.083333333333	1.07052421960655
103.104166666667	1.07019797599048
103.125000000000	1.06987198447358
103.145833333333	1.06954624484541
103.166666666667	1.06922075689553
103.187500000000	1.06889552041355
103.208333333333	1.06857053518910
103.229166666667	1.06824580101186
103.250000000000	1.06792131767151
103.270833333333	1.06759708495781
103.291666666667	1.06727310266050
103.312500000000	1.06694937056939
103.333333333333	1.06662588847431
103.354166666667	1.06630265616513
103.375000000000	1.06597967343174
103.395833333333	1.06565694006409
103.416666666667	1.06533445585214
103.437500000000	1.06501222058589
103.458333333333	1.06469023405540
103.479166666667	1.06436849605072
103.500000000000	1.06404700636198
103.520833333333	1.06372576477932
103.541666666667	1.06340477109293
103.562500000000	1.06308402509303
103.583333333333	1.06276352656988
103.604166666667	1.06244327531377
103.625000000000	1.06212327111505
103.645833333333	1.06180351376409
103.666666666667	1.06148400305130
103.687500000000	1.06116473876713
103.708333333333	1.06084572070207
103.729166666667	1.06052694864665
103.750000000000	1.06020842239145
103.770833333333	1.05989014172706
103.791666666667	1.05957210644415
103.812500000000	1.05925431633341
103.833333333333	1.05893677118556
103.854166666667	1.05861947079139
103.875000000000	1.05830241494170
103.895833333333	1.05798560342736
103.916666666667	1.05766903603926
103.937500000000	1.05735271256836
103.958333333333	1.05703663280562
103.979166666667	1.05672079654210
104.000000000000	1.05640520356885
104.020833333333	1.05608985367699
104.041666666667	1.05577474665769
104.062500000000	1.05545988230215
104.083333333333	1.05514526040162
104.104166666667	1.05483088074739
104.125000000000	1.05451674313080
104.145833333333	1.05420284734325
104.166666666667	1.05388919317616
104.187500000000	1.05357578042100
104.208333333333	1.05326260886932
104.229166666667	1.05294967831267
104.250000000000	1.05263698854267
104.270833333333	1.05232453935099
104.291666666667	1.05201233052934
104.312500000000	1.05170036186949
104.333333333333	1.05138863316325
104.354166666667	1.05107714420246
104.375000000000	1.05076589477905
104.395833333333	1.05045488468496
104.416666666667	1.05014411371220
104.437500000000	1.04983358165282
104.458333333333	1.04952328829894
104.479166666667	1.04921323344270
104.500000000000	1.04890341687632
104.520833333333	1.04859383839204
104.541666666667	1.04828449778217
104.562500000000	1.04797539483908
104.583333333333	1.04766652935518
104.604166666667	1.04735790112292
104.625000000000	1.04704950993482
104.645833333333	1.04674135558345
104.666666666667	1.04643343786143
104.687500000000	1.04612575656144
104.708333333333	1.04581831147618
104.729166666667	1.04551110239846
104.750000000000	1.04520412912110
104.770833333333	1.04489739143698
104.791666666667	1.04459088913905
104.812500000000	1.04428462202031
104.833333333333	1.04397858987380
104.854166666667	1.04367279249264
104.875000000000	1.04336722966999
104.895833333333	1.04306190119905
104.916666666667	1.04275680687312
104.937500000000	1.04245194648551
104.958333333333	1.04214731982961
104.979166666667	1.04184292669887
105.000000000000	1.04153876688679
105.020833333333	1.04123484018692
105.041666666667	1.04093114639287
105.062500000000	1.04062768529833
105.083333333333	1.04032445669702
105.104166666667	1.04002146038273
105.125000000000	1.03971869614931
105.145833333333	1.03941616379066
105.166666666667	1.03911386310075
105.187500000000	1.03881179387361
105.208333333333	1.03850995590332
105.229166666667	1.03820834898402
105.250000000000	1.03790697290992
105.270833333333	1.03760582747528
105.291666666667	1.03730491247443
105.312500000000	1.03700422770176
105.333333333333	1.03670377295171
105.354166666667	1.03640354801879
105.375000000000	1.03610355269757
105.395833333333	1.03580378678269
105.416666666667	1.03550425006884
105.437500000000	1.03520494235077
105.458333333333	1.03490586342330
105.479166666667	1.03460701308132
105.500000000000	1.03430839111978
105.520833333333	1.03400999733367
105.541666666667	1.03371183151808
105.562500000000	1.03341389346814
105.583333333333	1.03311618297904
105.604166666667	1.03281869984606
105.625000000000	1.03252144386452
105.645833333333	1.03222441482982
105.666666666667	1.03192761253742
105.687500000000	1.03163103678283
105.708333333333	1.03133468736165
105.729166666667	1.03103856406954
105.750000000000	1.03074266670221
105.770833333333	1.03044699505546
105.791666666667	1.03015154892513
105.812500000000	1.02985632810716
105.833333333333	1.02956133239751
105.854166666667	1.02926656159226
105.875000000000	1.02897201548752
105.895833333333	1.02867769387949
105.916666666667	1.02838359656441
105.937500000000	1.02808972333862
105.958333333333	1.02779607399851
105.979166666667	1.02750264834055
106.000000000000	1.02720944616125
106.020833333333	1.02691646725724
106.041666666667	1.02662371142516
106.062500000000	1.02633117846177
106.083333333333	1.02603886816388
106.104166666667	1.02574678032835
106.125000000000	1.02545491475214
106.145833333333	1.02516327123227
106.166666666667	1.02487184956583
106.187500000000	1.02458064954998
106.208333333333	1.02428967098194
106.229166666667	1.02399891365903
106.250000000000	1.02370837737862
106.270833333333	1.02341806193815
106.291666666667	1.02312796713514
106.312500000000	1.02283809276719
106.333333333333	1.02254843863194
106.354166666667	1.02225900452714
106.375000000000	1.02196979025060
106.395833333333	1.02168079560020
106.416666666667	1.02139202037388
106.437500000000	1.02110346436968
106.458333333333	1.02081512738570
106.479166666667	1.02052700922011
106.500000000000	1.02023910967117
106.520833333333	1.01995142853718
106.541666666667	1.01966396561656
106.562500000000	1.01937672070777
106.583333333333	1.01908969360936
106.604166666667	1.01880288411995
106.625000000000	1.01851629203824
106.645833333333	1.01822991716301
106.666666666667	1.01794375929310
106.687500000000	1.01765781822743
106.708333333333	1.01737209376501
106.729166666667	1.01708658570491
106.750000000000	1.01680129384629
106.770833333333	1.01651621798838
106.791666666667	1.01623135793049
106.812500000000	1.01594671347199
106.833333333333	1.01566228441236
106.854166666667	1.01537807055112
106.875000000000	1.01509407168791
106.895833333333	1.01481028762241
106.916666666667	1.01452671815439
106.937500000000	1.01424336308371
106.958333333333	1.01396022221030
106.979166666667	1.01367729533417
107.000000000000	1.01339458225541
107.020833333333	1.01311208277418
107.041666666667	1.01282979669073
107.062500000000	1.01254772380538
107.083333333333	1.01226586391854
107.104166666667	1.01198421683071
107.125000000000	1.01170278234243
107.145833333333	1.01142156025436
107.166666666667	1.01114055036723
107.187500000000	1.01085975248184
107.208333333333	1.01057916639909
107.229166666667	1.01029879191993
107.250000000000	1.01001862884543
107.270833333333	1.00973867697671
107.291666666667	1.00945893611499
107.312500000000	1.00917940606156
107.333333333333	1.00890008661780
107.354166666667	1.00862097758517
107.375000000000	1.00834207876521
107.395833333333	1.00806338995956
107.416666666667	1.00778491096991
107.437500000000	1.00750664159805
107.458333333333	1.00722858164587
107.479166666667	1.00695073091531
107.500000000000	1.00667308920842
107.520833333333	1.00639565632732
107.541666666667	1.00611843207422
107.562500000000	1.00584141625141
107.583333333333	1.00556460866128
107.604166666667	1.00528800910627
107.625000000000	1.00501161738894
107.645833333333	1.00473543331191
107.666666666667	1.00445945667791
107.687500000000	1.00418368728973
107.708333333333	1.00390812495025
107.729166666667	1.00363276946245
107.750000000000	1.00335762062939
107.770833333333	1.00308267825420
107.791666666667	1.00280794214012
107.812500000000	1.00253341209046
107.833333333333	1.00225908790863
107.854166666667	1.00198496939810
107.875000000000	1.00171105636246
107.895833333333	1.00143734860536
107.916666666667	1.00116384593056
107.937500000000	1.00089054814188
107.958333333333	1.00061745504326
107.979166666667	1.00034456643871
108.000000000000	1.00007188213231
108.020833333333	0.999799401928262
108.041666666667	0.999527125630834
108.062500000000	0.999255053044392
108.083333333333	0.998983183973384
108.104166666667	0.998711518222350
108.125000000000	0.998440055595918
108.145833333333	0.998168795898806
108.166666666667	0.997897738935819
108.187500000000	0.997626884511853
108.208333333333	0.997356232431892
108.229166666667	0.997085782501011
108.250000000000	0.996815534524372
108.270833333333	0.996545488307233
108.291666666667	0.996275643654933
108.312500000000	0.996006000372909
108.333333333333	0.995736558266684
108.354166666667	0.995467317141873
108.375000000000	0.995198276804183
108.395833333333	0.994929437059409
108.416666666667	0.994660797713439
108.437500000000	0.994392358572251
108.458333333333	0.994124119441916
108.479166666667	0.993856080128593
108.500000000000	0.993588240438537
108.520833333333	0.993320600178092
108.541666666667	0.993053159153695
108.562500000000	0.992785917171874
108.583333333333	0.992518874039250
108.604166666667	0.992252029562537
108.625000000000	0.991985383548540
108.645833333333	0.991718935804159
108.666666666667	0.991452686136384
108.687500000000	0.991186634352300
108.708333333333	0.990920780259085
108.729166666667	0.990655123664009
108.750000000000	0.990389664374435
108.770833333333	0.990124402197825
108.791666666667	0.989859336941726
108.812500000000	0.989594468413787
108.833333333333	0.989329796421746
108.854166666667	0.989065320773437
108.875000000000	0.988801041276788
108.895833333333	0.988536957739822
108.916666666667	0.988273069970655
108.937500000000	0.988009377777501
108.958333333333	0.987745880968666
108.979166666667	0.987482579352551
109.000000000000	0.987219472737654
109.020833333333	0.986956560932567
109.041666666667	0.986693843745979
109.062500000000	0.986431320986673
109.083333333333	0.986168992463528
109.104166666667	0.985906857985520
109.125000000000	0.985644917361721
109.145833333333	0.985383170401297
109.166666666667	0.985121616913512
109.187500000000	0.984860256707728
109.208333333333	0.984599089593401
109.229166666667	0.984338115380084
109.250000000000	0.984077333877428
109.270833333333	0.983816744895182
109.291666666667	0.983556348243189
109.312500000000	0.983296143731393
109.333333333333	0.983036131169832
109.354166666667	0.982776310368642
109.375000000000	0.982516681138061
109.395833333333	0.982257243288419
109.416666666667	0.981997996630148
109.437500000000	0.981738940973776
109.458333333333	0.981480076129931
109.479166666667	0.981221401909337
109.500000000000	0.980962918122818
109.520833333333	0.980704624581297
109.541666666667	0.980446521095796
109.562500000000	0.980188607477434
109.583333333333	0.979930883537430
109.604166666667	0.979673349087103
109.625000000000	0.979416003937869
109.645833333333	0.979158847901247
109.666666666667	0.978901880788853
109.687500000000	0.978645102412403
109.708333333333	0.978388512583713
109.729166666667	0.978132111114697
109.750000000000	0.977875897817374
109.770833333333	0.977619872503859
109.791666666667	0.977364034986367
109.812500000000	0.977108385077217
109.833333333333	0.976852922588826
109.854166666667	0.976597647333710
109.875000000000	0.976342559124490
109.895833333333	0.976087657773885
109.916666666667	0.975832943094715
109.937500000000	0.975578414899903
109.958333333333	0.975324073002473
109.979166666667	0.975069917215548
110.000000000000	0.974815947352354
110.020833333333	0.974562163226220
110.041666666667	0.974308564650576
110.062500000000	0.974055151438951
110.083333333333	0.973801923404981
110.104166666667	0.973548880362400
110.125000000000	0.973296022125046
110.145833333333	0.973043348506860
110.166666666667	0.972790859321884
110.187500000000	0.972538554384264
110.208333333333	0.972286433508246
110.229166666667	0.972034496508182
110.250000000000	0.971782743198526
110.270833333333	0.971531173393835
110.291666666667	0.971279786908767
110.312500000000	0.971028583558087
110.333333333333	0.970777563156660
110.354166666667	0.970526725519458
110.375000000000	0.970276070461553
110.395833333333	0.970025597798124
110.416666666667	0.969775307344451
110.437500000000	0.969525198915919
110.458333333333	0.969275272328018
110.479166666667	0.969025527396341
110.500000000000	0.968775963936586
110.520833333333	0.968526581764556
110.541666666667	0.968277380696156
110.562500000000	0.968028360547398
110.583333333333	0.967779521134398
110.604166666667	0.967530862273377
110.625000000000	0.967282383780659
110.645833333333	0.967034085472678
110.666666666667	0.966785967165967
110.687500000000	0.966538028677169
110.708333333333	0.966290269823030
110.729166666667	0.966042690420401
110.750000000000	0.965795290286241
110.770833333333	0.965548069237612
110.791666666667	0.965301027091685
110.812500000000	0.965054163665732
110.833333333333	0.964807478777137
110.854166666667	0.964560972243385
110.875000000000	0.964314643882071
110.895833333333	0.964068493510892
110.916666666667	0.963822520947655
110.937500000000	0.963576726010273
110.958333333333	0.963331108516765
110.979166666667	0.963085668285256
111.000000000000	0.962840405133979
111.020833333333	0.962595318881273
111.041666666667	0.962350409345584
111.062500000000	0.962105676345467
111.083333333333	0.961861119699582
111.104166666667	0.961616739226696
111.125000000000	0.961372534745686
111.145833333333	0.961128506075534
111.166666666667	0.960884653035330
111.187500000000	0.960640975444274
111.208333333333	0.960397473121670
111.229166666667	0.960154145886932
111.250000000000	0.959910993559583
111.270833333333	0.959668015959251
111.291666666667	0.959425212905677
111.312500000000	0.959182584218704
111.333333333333	0.958940129718288
111.354166666667	0.958697849224493
111.375000000000	0.958455742557489
111.395833333333	0.958213809537558
111.416666666667	0.957972049985087
111.437500000000	0.957730463720575
111.458333333333	0.957489050564628
111.479166666667	0.957247810337962
111.500000000000	0.957006742861402
111.520833333333	0.956765847955881
111.541666666667	0.956525125442444
111.562500000000	0.956284575142241
111.583333333333	0.956044196876536
111.604166666667	0.955803990466700
111.625000000000	0.955563955734214
111.645833333333	0.955324092500669
111.666666666667	0.955084400587766
111.687500000000	0.954844879817314
111.708333333333	0.954605530011235
111.729166666667	0.954366350991559
111.750000000000	0.954127342580428
111.770833333333	0.953888504600091
111.791666666667	0.953649836872909
111.812500000000	0.953411339221356
111.833333333333	0.953173011468013
111.854166666667	0.952934853435572
111.875000000000	0.952696864946837
111.895833333333	0.952459045824723
111.916666666667	0.952221395892253
111.937500000000	0.951983914972564
111.958333333333	0.951746602888903
111.979166666667	0.951509459464627
112.000000000000	0.951272484523207
112.020833333333	0.951035677888221
112.041666666667	0.950799039383362
112.062500000000	0.950562568832431
112.083333333333	0.950326266059345
112.104166666667	0.950090130888129
112.125000000000	0.949854163142920
112.145833333333	0.949618362647969
112.166666666667	0.949382729227635
112.187500000000	0.949147262706393
112.208333333333	0.948911962908827
112.229166666667	0.948676829659634
112.250000000000	0.948441862783623
112.270833333333	0.948207062105714
112.291666666667	0.947972427450944
112.312500000000	0.947737958644457
112.333333333333	0.947503655511510
112.354166666667	0.947269517877476
112.375000000000	0.947035545567837
112.395833333333	0.946801738408189
112.416666666667	0.946568096224241
112.437500000000	0.946334618841815
112.458333333333	0.946101306086845
112.479166666667	0.945868157785377
112.500000000000	0.945635173763573
112.520833333333	0.945402353847706
112.541666666667	0.945169697864163
112.562500000000	0.944937205639443
112.583333333333	0.944704877000158
112.604166666667	0.944472711773036
112.625000000000	0.944240709784916
112.645833333333	0.944008870862752
112.666666666667	0.943777194833612
112.687500000000	0.943545681524674
112.708333333333	0.943314330763234
112.729166666667	0.943083142376700
112.750000000000	0.942852116192594
112.770833333333	0.942621252038551
112.791666666667	0.942390549742322
112.812500000000	0.942160009131772
112.833333333333	0.941929630034877
112.854166666667	0.941699412279730
112.875000000000	0.941469355694538
112.895833333333	0.941239460107623
112.916666666667	0.941009725347418
112.937500000000	0.940780151242474
112.958333333333	0.940550737621456
112.979166666667	0.940321484313143
113.000000000000	0.940092391146427
113.020833333333	0.939863457950318
113.041666666667	0.939634684553939
113.062500000000	0.939406070786528
113.083333333333	0.939177616477437
113.104166666667	0.938949321456136
113.125000000000	0.938721185552206
113.145833333333	0.938493208595347
113.166666666667	0.938265390415370
113.187500000000	0.938037730842207
113.208333333333	0.937810229705900
113.229166666667	0.937582886836607
113.250000000000	0.937355702064604
113.270833333333	0.937128675220282
113.291666666667	0.936901806134146
113.312500000000	0.936675094636818
113.333333333333	0.936448540559034
113.354166666667	0.936222143731648
113.375000000000	0.935995903985627
113.395833333333	0.935769821152057
113.416666666667	0.935543895062138
113.437500000000	0.935318125547186
113.458333333333	0.935092512438635
113.479166666667	0.934867055568031
113.500000000000	0.934641754767040
113.520833333333	0.934416609867443
113.541666666667	0.934191620701136
113.562500000000	0.933966787100135
113.583333333333	0.933742108896567
113.604166666667	0.933517585922679
113.625000000000	0.933293218010834
113.645833333333	0.933069004993512
113.666666666667	0.932844946703309
113.687500000000	0.932621042972937
113.708333333333	0.932397293635225
113.729166666667	0.932173698523119
113.750000000000	0.931950257469683
113.770833333333	0.931726970308095
113.791666666667	0.931503836871653
113.812500000000	0.931280856993772
113.833333333333	0.931058030507980
113.854166666667	0.930835357247927
113.875000000000	0.930612837047375
113.895833333333	0.930390469740210
113.916666666667	0.930168255160429
113.937500000000	0.929946193142150
113.958333333333	0.929724283519606
113.979166666667	0.929502526127149
114.000000000000	0.929280920799249
114.020833333333	0.929059467370490
114.041666666667	0.928838165675578
114.062500000000	0.928617015549335
114.083333333333	0.928396016826698
114.104166666667	0.928175169342727
114.125000000000	0.927954472932594
114.145833333333	0.927733927431594
114.166666666667	0.927513532675135
114.187500000000	0.927293288498748
114.208333333333	0.927073194738076
114.229166666667	0.926853251228887
114.250000000000	0.926633457807061
114.270833333333	0.926413814308599
114.291666666667	0.926194320569619
114.312500000000	0.925974976426359
114.333333333333	0.925755781715174
114.354166666667	0.925536736272536
114.375000000000	0.925317839935038
114.395833333333	0.925099092539389
114.416666666667	0.924880493922417
114.437500000000	0.924662043921071
114.458333333333	0.924443742372416
114.479166666667	0.924225589113634
114.500000000000	0.924007583982029
114.520833333333	0.923789726815021
114.541666666667	0.923572017450152
114.562500000000	0.923354455725079
114.583333333333	0.923137041477581
114.604166666667	0.922919774545553
114.625000000000	0.922702654767010
114.645833333333	0.922485681980087
114.666666666667	0.922268856023036
114.687500000000	0.922052176734230
114.708333333333	0.921835643952158
114.729166666667	0.921619257515433
114.750000000000	0.921403017262783
114.770833333333	0.921186923033055
114.791666666667	0.920970974665218
114.812500000000	0.920755171998358
114.833333333333	0.920539514871683
114.854166666667	0.920324003124516
114.875000000000	0.920108636596302
114.895833333333	0.919893415126606
114.916666666667	0.919678338555112
114.937500000000	0.919463406721623
114.958333333333	0.919248619466060
114.979166666667	0.919033976628467
115.000000000000	0.918819478049005
115.020833333333	0.918605123567955
115.041666666667	0.918390913025718
115.062500000000	0.918176846262816
115.083333333333	0.917962923119889
115.104166666667	0.917749143437696
115.125000000000	0.917535507057119
115.145833333333	0.917322013819157
115.166666666667	0.917108663564929
115.187500000000	0.916895456135676
115.208333333333	0.916682391372758
115.229166666667	0.916469469117653
115.250000000000	0.916256689211963
115.270833333333	0.916044051497408
115.291666666667	0.915831555815824
115.312500000000	0.915619202009176
115.333333333333	0.915406989919541
115.354166666667	0.915194919389121
115.375000000000	0.914982990260236
115.395833333333	0.914771202375328
115.416666666667	0.914559555576958
115.437500000000	0.914348049707806
115.458333333333	0.914136684610676
115.479166666667	0.913925460128490
115.500000000000	0.913714376104291
115.520833333333	0.913503432381242
115.541666666667	0.913292628802626
115.562500000000	0.913081965211849
115.583333333333	0.912871441452435
115.604166666667	0.912661057368030
115.625000000000	0.912450812802401
115.645833333333	0.912240707599433
115.666666666667	0.912030741603134
115.687500000000	0.911820914657634
115.708333333333	0.911611226607180
115.729166666667	0.911401677296144
115.750000000000	0.911192266569015
115.770833333333	0.910982994270405
115.791666666667	0.910773860245045
115.812500000000	0.910564864337791
115.833333333333	0.910356006393615
115.854166666667	0.910147286257613
115.875000000000	0.909938703775001
115.895833333333	0.909730258791116
115.916666666667	0.909521951151418
115.937500000000	0.909313780701483
115.958333333333	0.909105747287014
115.979166666667	0.908897850753831
116.000000000000	0.908690090947878
116.020833333333	0.908482467715219
116.041666666667	0.908274980902036
116.062500000000	0.908067630354640
116.083333333333	0.907860415919455
116.104166666667	0.907653337443032
116.125000000000	0.907446394772039
116.145833333333	0.907239587753270
116.166666666667	0.907032916233635
116.187500000000	0.906826380060171
116.208333333333	0.906619979080032
116.229166666667	0.906413713140496
116.250000000000	0.906207582088962
116.270833333333	0.906001585772948
116.291666666667	0.905795724040097
116.312500000000	0.905589996738173
116.333333333333	0.905384403715059
116.354166666667	0.905178944818762
116.375000000000	0.904973619897410
116.395833333333	0.904768428799253
116.416666666667	0.904563371372661
116.437500000000	0.904358447466127
116.458333333333	0.904153656928266
116.479166666667	0.903948999607815
116.500000000000	0.903744475353630
116.520833333333	0.903540084014692
116.541666666667	0.903335825440103
116.562500000000	0.903131699479085
116.583333333333	0.902927705980985
116.604166666667	0.902723844795268
116.625000000000	0.902520115771524
116.645833333333	0.902316518759465
116.666666666667	0.902113053608921
116.687500000000	0.901909720169848
116.708333333333	0.901706518292323
116.729166666667	0.901503447826544
116.750000000000	0.901300508622832
116.770833333333	0.901097700531629
116.791666666667	0.900895023403500
116.812500000000	0.900692477089131
116.833333333333	0.900490061439331
116.854166666667	0.900287776305032
116.875000000000	0.900085621537285
116.895833333333	0.899883596987266
116.916666666667	0.899681702506271
116.937500000000	0.899479937945721
116.958333333333	0.899278303157158
116.979166666667	0.899076797992242
117.000000000000	0.898875422302763
117.020833333333	0.898674175940627
117.041666666667	0.898473058757865
117.062500000000	0.898272070606629
117.083333333333	0.898071211339195
117.104166666667	0.897870480807959
117.125000000000	0.897669878865442
117.145833333333	0.897469405364283
117.166666666667	0.897269060157249
117.187500000000	0.897068843097225
117.208333333333	0.896868754037221
117.229166666667	0.896668792830368
117.250000000000	0.896468959329918
117.270833333333	0.896269253389250
117.291666666667	0.896069674861859
117.312500000000	0.895870223601370
117.333333333333	0.895670899461524
117.354166666667	0.895471702296186
117.375000000000	0.895272631959347
117.395833333333	0.895073688305117
117.416666666667	0.894874871187728
117.437500000000	0.894676180461537
117.458333333333	0.894477615981022
117.479166666667	0.894279177600785
117.500000000000	0.894080865175550
117.520833333333	0.893882678560161
117.541666666667	0.893684617609589
117.562500000000	0.893486682178924
117.583333333333	0.893288872123380
117.604166666667	0.893091187298295
117.625000000000	0.892893627559126
117.645833333333	0.892696192761457
117.666666666667	0.892498882760992
117.687500000000	0.892301697413558
117.708333333333	0.892104636575105
117.729166666667	0.891907700101705
117.750000000000	0.891710887849554
117.770833333333	0.891514199674970
117.791666666667	0.891317635434394
117.812500000000	0.891121194984389
117.833333333333	0.890924878181642
117.854166666667	0.890728684882960
117.875000000000	0.890532614945278
117.895833333333	0.890336668225648
117.916666666667	0.890140844581248
117.937500000000	0.889945143869380
117.958333333333	0.889749565947463
117.979166666667	0.889554110673046
118.000000000000	0.889358777903796
118.020833333333	0.889163567497506
118.041666666667	0.888968479312088
118.062500000000	0.888773513205580
118.083333333333	0.888578669036142
118.104166666667	0.888383946662058
118.125000000000	0.888189345941731
118.145833333333	0.887994866733692
118.166666666667	0.887800508896591
118.187500000000	0.887606272289203
118.208333333333	0.887412156770424
118.229166666667	0.887218162199276
118.250000000000	0.887024288434900
118.270833333333	0.886830535336564
118.291666666667	0.886636902763655
118.312500000000	0.886443390575684
118.333333333333	0.886249998632289
118.354166666667	0.886056726793224
118.375000000000	0.885863574918372
118.395833333333	0.885670542867735
118.416666666667	0.885477630501441
118.437500000000	0.885284837679738
118.458333333333	0.885092164262999
118.479166666667	0.884899610111719
118.500000000000	0.884707175086517
118.520833333333	0.884514859048134
118.541666666667	0.884322661857433
118.562500000000	0.884130583375404
118.583333333333	0.883938623463154
118.604166666667	0.883746781981918
118.625000000000	0.883555058793053
118.645833333333	0.883363453758037
118.666666666667	0.883171966738472
118.687500000000	0.882980597596084
118.708333333333	0.882789346192722
118.729166666667	0.882598212390355
118.750000000000	0.882407196051079
118.770833333333	0.882216297037111
118.791666666667	0.882025515210791
118.812500000000	0.881834850434583
118.833333333333	0.881644302571073
118.854166666667	0.881453871482969
118.875000000000	0.881263557033106
118.895833333333	0.881073359084437
118.916666666667	0.880883277500042
118.937500000000	0.880693312143123
118.958333333333	0.880503462877003
118.979166666667	0.880313729565130
119.000000000000	0.880124112071075
119.020833333333	0.879934610258531
119.041666666667	0.879745223991315
119.062500000000	0.879555953133368
119.083333333333	0.879366797548750
119.104166666667	0.879177757101649
119.125000000000	0.878988831656373
119.145833333333	0.878800021077354
119.166666666667	0.878611325229146
119.187500000000	0.878422743976429
119.208333333333	0.878234277184002
119.229166666667	0.878045924716790
119.250000000000	0.877857686439840
119.270833333333	0.877669562218320
119.291666666667	0.877481551917527
119.312500000000	0.877293655402873
119.333333333333	0.877105872539901
119.354166666667	0.876918203194270
119.375000000000	0.876730647231767
119.395833333333	0.876543204518299
119.416666666667	0.876355874919897
119.437500000000	0.876168658302717
119.458333333333	0.875981554533036
119.479166666667	0.875794563477252
119.500000000000	0.875607685001891
119.520833333333	0.875420918973597
119.541666666667	0.875234265259141
119.562500000000	0.875047723725415
119.583333333333	0.874861294239433
119.604166666667	0.874674976668334
119.625000000000	0.874488770879380
119.645833333333	0.874302676739955
119.666666666667	0.874116694117566
119.687500000000	0.873930822879842
119.708333333333	0.873745062894538
119.729166666667	0.873559414029529
119.750000000000	0.873373876152815
119.770833333333	0.873188449132518
119.791666666667	0.873003132836882
119.812500000000	0.872817927134275
119.833333333333	0.872632831893190
119.854166666667	0.872447846982238
119.875000000000	0.872262972270158
119.895833333333	0.872078207625809
119.916666666667	0.871893552918173
119.937500000000	0.871709008016357
119.958333333333	0.871524572789588
119.979166666667	0.871340247107219
120.000000000000	0.871156030838723
120.020833333333	0.870971923853698
120.041666666667	0.870787926021862
120.062500000000	0.870604037213061
120.083333333333	0.870420257297260
120.104166666667	0.870236586144547
120.125000000000	0.870053023625134
120.145833333333	0.869869569609355
120.166666666667	0.869686223967668
120.187500000000	0.869502986570653
120.208333333333	0.869319857289012
120.229166666667	0.869136835993572
120.250000000000	0.868953922555282
120.270833333333	0.868771116845212
120.291666666667	0.868588418734556
120.312500000000	0.868405828094633
120.333333333333	0.868223344796882
120.354166666667	0.868040968712864
120.375000000000	0.867858699714267
120.395833333333	0.867676537672898
120.416666666667	0.867494482460687
120.437500000000	0.867312533949689
120.458333333333	0.867130692012079
120.479166666667	0.866948956520158
120.500000000000	0.866767327346347
120.520833333333	0.866585804363190
120.541666666667	0.866404387443354
120.562500000000	0.866223076459630
120.583333333333	0.866041871284930
120.604166666667	0.865860771792290
120.625000000000	0.865679777854867
120.645833333333	0.865498889345942
120.666666666667	0.865318106138919
120.687500000000	0.865137428107322
120.708333333333	0.864956855124802
120.729166666667	0.864776387065127
120.750000000000	0.864596023802193
120.770833333333	0.864415765210017
120.791666666667	0.864235611162735
120.812500000000	0.864055561534612
120.833333333333	0.863875616200030
120.854166666667	0.863695775033494
120.875000000000	0.863516037909636
120.895833333333	0.863336404703206
120.916666666667	0.863156875289080
120.937500000000	0.862977449542251
120.958333333333	0.862798127337841
120.979166666667	0.862618908551092
121.000000000000	0.862439793057366
121.020833333333	0.862260780732151
121.041666666667	0.862081871451056
121.062500000000	0.861903065089811
121.083333333333	0.861724361524271
121.104166666667	0.861545760630411
121.125000000000	0.861367262284332
121.145833333333	0.861188866362253
121.166666666667	0.861010572740517
121.187500000000	0.860832381295591
121.208333333333	0.860654291904062
121.229166666667	0.860476304442641
121.250000000000	0.860298418788161
121.270833333333	0.860120634817576
121.291666666667	0.859942952407963
121.312500000000	0.859765371436523
121.333333333333	0.859587891780577
121.354166666667	0.859410513317569
121.375000000000	0.859233235925065
121.395833333333	0.859056059480754
121.416666666667	0.858878983862446
121.437500000000	0.858702008948074
121.458333333333	0.858525134615694
121.479166666667	0.858348360743482
121.500000000000	0.858171687209737
121.520833333333	0.857995113892882
121.541666666667	0.857818640671460
121.562500000000	0.857642267424136
121.583333333333	0.857465994029697
121.604166666667	0.857289820367055
121.625000000000	0.857113746315240
121.645833333333	0.856937771753407
121.666666666667	0.856761896560831
121.687500000000	0.856586120616912
121.708333333333	0.856410443801167
121.729166666667	0.856234865993239
121.750000000000	0.856059387072893
121.770833333333	0.855884006920013
121.791666666667	0.855708725414608
121.812500000000	0.855533542436807
121.833333333333	0.855358457866861
121.854166666667	0.855183471585145
121.875000000000	0.855008583472152
121.895833333333	0.854833793408501
121.916666666667	0.854659101274930
121.937500000000	0.854484506952299
121.958333333333	0.854310010321592
121.979166666667	0.854135611263912
122.000000000000	0.853961309660486
122.020833333333	0.853787105392661
122.041666666667	0.853612998341907
122.062500000000	0.853438988389815
122.083333333333	0.853265075418098
122.104166666667	0.853091259308589
122.125000000000	0.852917539943246
122.145833333333	0.852743917204147
122.166666666667	0.852570390973490
122.187500000000	0.852396961133597
122.208333333333	0.852223627566910
122.229166666667	0.852050390155994
122.250000000000	0.851877248783533
122.270833333333	0.851704203332336
122.291666666667	0.851531253685331
122.312500000000	0.851358399725567
122.333333333333	0.851185641336218
122.354166666667	0.851012978400576
122.375000000000	0.850840410802055
122.395833333333	0.850667938424191
122.416666666667	0.850495561150642
122.437500000000	0.850323278865185
122.458333333333	0.850151091451723
122.479166666667	0.849978998794275
122.500000000000	0.849807000776984
122.520833333333	0.849635097284114
122.541666666667	0.849463288200051
122.562500000000	0.849291573409301
122.583333333333	0.849119952796491
122.604166666667	0.848948426246371
122.625000000000	0.848776993643810
122.645833333333	0.848605654873800
122.666666666667	0.848434409821453
122.687500000000	0.848263258372003
122.708333333333	0.848092200410804
122.729166666667	0.847921235823332
122.750000000000	0.847750364495183
122.770833333333	0.847579586312076
122.791666666667	0.847408901159849
122.812500000000	0.847238308924464
122.833333333333	0.847067809491998
122.854166666667	0.846897402748655
122.875000000000	0.846727088580758
122.895833333333	0.846556866874749
122.916666666667	0.846386737517194
122.937500000000	0.846216700394777
122.958333333333	0.846046755394306
122.979166666667	0.845876902402707
123.000000000000	0.845707141307028
123.020833333333	0.845537471994436
123.041666666667	0.845367894352223
123.062500000000	0.845198408267798
123.083333333333	0.845029013628691
123.104166666667	0.844859710322554
123.125000000000	0.844690498237161
123.145833333333	0.844521377260401
123.166666666667	0.844352347280291
123.187500000000	0.844183408184964
123.208333333333	0.844014559862673
123.229166666667	0.843845802201796
123.250000000000	0.843677135090826
123.270833333333	0.843508558418380
123.291666666667	0.843340072073196
123.312500000000	0.843171675944129
123.333333333333	0.843003369920158
123.354166666667	0.842835153890381
123.375000000000	0.842667027744017
123.395833333333	0.842498991370402
123.416666666667	0.842331044658999
123.437500000000	0.842163187499384
123.458333333333	0.841995419781258
123.479166666667	0.841827741394441
123.500000000000	0.841660152228872
123.520833333333	0.841492652174614
123.541666666667	0.841325241121846
123.562500000000	0.841157918960868
123.583333333333	0.840990685582103
123.604166666667	0.840823540876089
123.625000000000	0.840656484733490
123.645833333333	0.840489517045086
123.666666666667	0.840322637701779
123.687500000000	0.840155846594589
123.708333333333	0.839989143614658
123.729166666667	0.839822528653247
123.750000000000	0.839656001601738
123.770833333333	0.839489562351631
123.791666666667	0.839323210794547
123.812500000000	0.839156946822228
123.833333333333	0.838990770326533
123.854166666667	0.838824681199443
123.875000000000	0.838658679333060
123.895833333333	0.838492764619603
123.916666666667	0.838326936951411
123.937500000000	0.838161196220943
123.958333333333	0.837995542320781
123.979166666667	0.837829975143620
124.000000000000	0.837664494582282
124.020833333333	0.837499100529704
124.041666666667	0.837333792878942
124.062500000000	0.837168571523176
124.083333333333	0.837003436355700
124.104166666667	0.836838387269931
124.125000000000	0.836673424159406
124.145833333333	0.836508546917780
124.166666666667	0.836343755438826
124.187500000000	0.836179049616438
124.208333333333	0.836014429344631
124.229166666667	0.835849894517537
124.250000000000	0.835685445029408
124.270833333333	0.835521080774614
124.291666666667	0.835356801647646
124.312500000000	0.835192607543115
124.333333333333	0.835028498355748
124.354166666667	0.834864473980395
124.375000000000	0.834700534312023
124.395833333333	0.834536679245716
124.416666666667	0.834372908676682
124.437500000000	0.834209222500244
124.458333333333	0.834045620611846
124.479166666667	0.833882102907051
124.500000000000	0.833718669281539
124.520833333333	0.833555319631111
124.541666666667	0.833392053851688
124.562500000000	0.833228871839306
124.583333333333	0.833065773490123
124.604166666667	0.832902758700414
124.625000000000	0.832739827366576
124.645833333333	0.832576979385119
124.666666666667	0.832414214652678
124.687500000000	0.832251533066003
124.708333333333	0.832088934521963
124.729166666667	0.831926418917547
124.750000000000	0.831763986149861
124.770833333333	0.831601636116131
124.791666666667	0.831439368713702
124.812500000000	0.831277183840035
124.833333333333	0.831115081392711
124.854166666667	0.830953061269431
124.875000000000	0.830791123368011
124.895833333333	0.830629267586389
124.916666666667	0.830467493822619
124.937500000000	0.830305801974874
124.958333333333	0.830144191941446
124.979166666667	0.829982663620744
125.000000000000	0.829821216911297
125.020833333333	0.829659851711750
125.041666666667	0.829498567920868
125.062500000000	0.829337365437533
125.083333333333	0.829176244160746
125.104166666667	0.829015203989627
125.125000000000	0.828854244823412
125.145833333333	0.828693366561456
125.166666666667	0.828532569103232
125.187500000000	0.828371852348330
125.208333333333	0.828211216196461
125.229166666667	0.828050660547449
125.250000000000	0.827890185301241
125.270833333333	0.827729790357899
125.291666666667	0.827569475617604
125.312500000000	0.827409240980652
125.333333333333	0.827249086347461
125.354166666667	0.827089011618565
125.375000000000	0.826929016694614
125.395833333333	0.826769101476377
125.416666666667	0.826609265864742
125.437500000000	0.826449509760713
125.458333333333	0.826289833065410
125.479166666667	0.826130235680075
125.500000000000	0.825970717506064
125.520833333333	0.825811278444851
125.541666666667	0.825651918398029
125.562500000000	0.825492637267306
125.583333333333	0.825333434954508
125.604166666667	0.825174311361580
125.625000000000	0.825015266390584
125.645833333333	0.824856299943699
125.666666666667	0.824697411923217
125.687500000000	0.824538602231556
125.708333333333	0.824379870771243
125.729166666667	0.824221217444926
125.750000000000	0.824062642155371
125.770833333333	0.823904144805457
125.791666666667	0.823745725298185
125.812500000000	0.823587383536669
125.833333333333	0.823429119424143
125.854166666667	0.823270932863955
125.875000000000	0.823112823759572
125.895833333333	0.822954792014579
125.916666666667	0.822796837532673
125.937500000000	0.822638960217674
125.958333333333	0.822481159973514
125.979166666667	0.822323436704245
126.000000000000	0.822165790314032
126.020833333333	0.822008220707162
126.041666666667	0.821850727788032
126.062500000000	0.821693311461163
126.083333333333	0.821535971631185
126.104166666667	0.821378708202851
126.125000000000	0.821221521081027
126.145833333333	0.821064410170696
126.166666666667	0.820907375376957
126.187500000000	0.820750416605027
126.208333333333	0.820593533760239
126.229166666667	0.820436726748041
126.250000000000	0.820279995473998
126.270833333333	0.820123339843792
126.291666666667	0.819966759763220
126.312500000000	0.819810255138196
126.333333333333	0.819653825874750
126.354166666667	0.819497471879028
126.375000000000	0.819341193057292
126.395833333333	0.819184989315920
126.416666666667	0.819028860561406
126.437500000000	0.818872806700362
126.458333333333	0.818716827639511
126.479166666667	0.818560923285698
126.500000000000	0.818405093545879
126.520833333333	0.818249338327129
126.541666666667	0.818093657536636
126.562500000000	0.817938051081707
126.583333333333	0.817782518869761
126.604166666667	0.817627060808337
126.625000000000	0.817471676805086
126.645833333333	0.817316366767777
126.666666666667	0.817161130604292
126.687500000000	0.817005968222631
126.708333333333	0.816850879530908
126.729166666667	0.816695864437355
126.750000000000	0.816540922850315
126.770833333333	0.816386054678251
126.791666666667	0.816231259829738
126.812500000000	0.816076538213468
126.833333333333	0.815921889738248
126.854166666667	0.815767314313000
126.875000000000	0.815612811846762
126.895833333333	0.815458382248686
126.916666666667	0.815304025428040
126.937500000000	0.815149741294206
126.958333333333	0.814995529756683
126.979166666667	0.814841390725083
127.000000000000	0.814687324109133
127.020833333333	0.814533329818679
127.041666666667	0.814379407763676
127.062500000000	0.814225557854197
127.083333333333	0.814071780000431
127.104166666667	0.813918074112679
127.125000000000	0.813764440101357
127.145833333333	0.813610877876998
127.166666666667	0.813457387350250
127.187500000000	0.813303968431872
127.208333333333	0.813150621032740
127.229166666667	0.812997345063845
127.250000000000	0.812844140436290
127.270833333333	0.812691007061298
127.291666666667	0.812537944850199
127.312500000000	0.812384953714443
127.333333333333	0.812232033565593
127.354166666667	0.812079184315325
127.375000000000	0.811926405875430
127.395833333333	0.811773698157815
127.416666666667	0.811621061074498
127.437500000000	0.811468494537614
127.458333333333	0.811315998459411
127.479166666667	0.811163572752250
127.500000000000	0.811011217328609
127.520833333333	0.810858932101078
127.541666666667	0.810706716982360
127.562500000000	0.810554571885274
127.583333333333	0.810402496722753
127.604166666667	0.810250491407842
127.625000000000	0.810098555853700
127.645833333333	0.809946689973603
127.666666666667	0.809794893680937
127.687500000000	0.809643166889203
127.708333333333	0.809491509512017
127.729166666667	0.809339921463105
127.750000000000	0.809188402656311
127.770833333333	0.809036953005591
127.791666666667	0.808885572425013
127.812500000000	0.808734260828759
127.833333333333	0.808583018131127
127.854166666667	0.808431844246526
127.875000000000	0.808280739089477
127.895833333333	0.808129702574618
127.916666666667	0.807978734616696
127.937500000000	0.807827835130577
127.958333333333	0.807677004031235
127.979166666667	0.807526241233758
128.000000000000	0.807375546653350
128.020833333333	0.807224920205325
128.041666666667	0.807074361805112
128.062500000000	0.806923871368251
128.083333333333	0.806773448810396
128.104166666667	0.806623094047316
128.125000000000	0.806472806994889
128.145833333333	0.806322587569109
128.166666666667	0.806172435686081
128.187500000000	0.806022351262023
128.208333333333	0.805872334213266
128.229166666667	0.805722384456254
128.250000000000	0.805572501907542
128.270833333333	0.805422686483800
128.291666666667	0.805272938101811
128.312500000000	0.805123256678465
128.333333333333	0.804973642130772
128.354166666667	0.804824094375848
128.375000000000	0.804674613330925
128.395833333333	0.804525198913347
128.416666666667	0.804375851040570
128.437500000000	0.804226569630160
128.458333333333	0.804077354599800
128.479166666667	0.803928205867279
128.500000000000	0.803779123350504
128.520833333333	0.803630106967491
128.541666666667	0.803481156636368
128.562500000000	0.803332272275375
128.583333333333	0.803183453802866
128.604166666667	0.803034701137304
128.625000000000	0.802886014197266
128.645833333333	0.802737392901440
128.666666666667	0.802588837168626
128.687500000000	0.802440346917735
128.708333333333	0.802291922067791
128.729166666667	0.802143562537929
128.750000000000	0.801995268247394
128.770833333333	0.801847039115546
128.791666666667	0.801698875061854
128.812500000000	0.801550776005898
128.833333333333	0.801402741867371
128.854166666667	0.801254772566079
128.875000000000	0.801106868021934
128.895833333333	0.800959028154966
128.916666666667	0.800811252885310
128.937500000000	0.800663542133215
128.958333333333	0.800515895819044
128.979166666667	0.800368313863265
129.000000000000	0.800220796186463
129.020833333333	0.800073342709331
129.041666666667	0.799925953352672
129.062500000000	0.799778628037404
129.083333333333	0.799631366684550
129.104166666667	0.799484169215250
129.125000000000	0.799337035550750
129.145833333333	0.799189965612411
129.166666666667	0.799042959321701
129.187500000000	0.798896016600200
129.208333333333	0.798749137369600
129.229166666667	0.798602321551702
129.250000000000	0.798455569068417
129.270833333333	0.798308879841770
129.291666666667	0.798162253793892
129.312500000000	0.798015690847026
129.333333333333	0.797869190923527
129.354166666667	0.797722753945860
129.375000000000	0.797576379836598
129.395833333333	0.797430068518425
129.416666666667	0.797283819914138
129.437500000000	0.797137633946640
129.458333333333	0.796991510538947
129.479166666667	0.796845449614184
129.500000000000	0.796699451095588
129.520833333333	0.796553514906501
129.541666666667	0.796407640970380
129.562500000000	0.796261829210790
129.583333333333	0.796116079551406
129.604166666667	0.795970391916012
129.625000000000	0.795824766228502
129.645833333333	0.795679202412881
129.666666666667	0.795533700393261
129.687500000000	0.795388260093868
129.708333333333	0.795242881439033
129.729166666667	0.795097564353200
129.750000000000	0.794952308760919
129.770833333333	0.794807114586852
129.791666666667	0.794661981755770
129.812500000000	0.794516910192553
129.833333333333	0.794371899822189
129.854166666667	0.794226950569779
129.875000000000	0.794082062360528
129.895833333333	0.793937235119755
129.916666666667	0.793792468772885
129.937500000000	0.793647763245453
129.958333333333	0.793503118463104
129.979166666667	0.793358534351590
130.000000000000	0.793214010836773
130.020833333333	0.793069547844623
130.041666666667	0.792925145301222
130.062500000000	0.792780803132756
130.083333333333	0.792636521265523
130.104166666667	0.792492299625929
130.125000000000	0.792348138140489
130.145833333333	0.792204036735824
130.166666666667	0.792059995338667
130.187500000000	0.791916013875857
130.208333333333	0.791772092274345
130.229166666667	0.791628230461185
130.250000000000	0.791484428363544
130.270833333333	0.791340685908694
130.291666666667	0.791197003024018
130.312500000000	0.791053379637006
130.333333333333	0.790909815675255
130.354166666667	0.790766311066472
130.375000000000	0.790622865738472
130.395833333333	0.790479479619176
130.416666666667	0.790336152636615
130.437500000000	0.790192884718927
130.458333333333	0.790049675794358
130.479166666667	0.789906525791263
130.500000000000	0.789763434638102
130.520833333333	0.789620402263445
130.541666666667	0.789477428595970
130.562500000000	0.789334513564461
130.583333333333	0.789191657097810
130.604166666667	0.789048859125018
130.625000000000	0.788906119575191
130.645833333333	0.788763438377544
130.666666666667	0.788620815461400
130.687500000000	0.788478250756187
130.708333333333	0.788335744191443
130.729166666667	0.788193295696812
130.750000000000	0.788050905202046
130.770833333333	0.787908572637001
130.791666666667	0.787766297931644
130.812500000000	0.787624081016048
130.833333333333	0.787481921820391
130.854166666667	0.787339820274960
130.875000000000	0.787197776310150
130.895833333333	0.787055789856459
130.916666666667	0.786913860844495
130.937500000000	0.786771989204971
130.958333333333	0.786630174868709
130.979166666667	0.786488417766634
131.000000000000	0.786346717829782
131.020833333333	0.786205074989292
131.041666666667	0.786063489176411
131.062500000000	0.785921960322492
131.083333333333	0.785780488358994
131.104166666667	0.785639073217485
131.125000000000	0.785497714829635
131.145833333333	0.785356413127224
131.166666666667	0.785215168042136
131.187500000000	0.785073979506363
131.208333333333	0.784932847452000
131.229166666667	0.784791771811252
131.250000000000	0.784650752516428
131.270833333333	0.784509789499942
131.291666666667	0.784368882694315
131.312500000000	0.784228032032174
131.333333333333	0.784087237446253
131.354166666667	0.783946498869387
131.375000000000	0.783805816234523
131.395833333333	0.783665189474710
131.416666666667	0.783524618523103
131.437500000000	0.783384103312962
131.458333333333	0.783243643777655
131.479166666667	0.783103239850653
131.500000000000	0.782962891465532
131.520833333333	0.782822598555976
131.541666666667	0.782682361055773
131.562500000000	0.782542178898816
131.583333333333	0.782402052019101
131.604166666667	0.782261980350734
131.625000000000	0.782121963827922
131.645833333333	0.781982002384980
131.666666666667	0.781842095956325
131.687500000000	0.781702244476481
131.708333333333	0.781562447880076
131.729166666667	0.781422706101845
131.750000000000	0.781283019076623
131.770833333333	0.781143386739354
131.791666666667	0.781003809025086
131.812500000000	0.780864285868971
131.833333333333	0.780724817206264
131.854166666667	0.780585402972327
131.875000000000	0.780446043102626
131.895833333333	0.780306737532729
131.916666666667	0.780167486198314
131.937500000000	0.780028289035155
131.958333333333	0.779889145979139
131.979166666667	0.779750056966251
132.000000000000	0.779611021932582
132.020833333333	0.779472040814329
132.041666666667	0.779333113547789
132.062500000000	0.779194240069368
132.083333333333	0.779055420315571
132.104166666667	0.778916654223011
132.125000000000	0.778777941728402
132.145833333333	0.778639282768563
132.166666666667	0.778500677280418
132.187500000000	0.778362125200991
132.208333333333	0.778223626467413
132.229166666667	0.778085181016918
132.250000000000	0.777946788786843
132.270833333333	0.777808449714627
132.291666666667	0.777670163737816
132.312500000000	0.777531930794056
132.333333333333	0.777393750821098
132.354166666667	0.777255623756795
132.375000000000	0.777117549539105
132.395833333333	0.776979528106088
132.416666666667	0.776841559395906
132.437500000000	0.776703643346827
132.458333333333	0.776565779897220
132.479166666667	0.776427968985558
132.500000000000	0.776290210550414
132.520833333333	0.776152504530468
132.541666666667	0.776014850864499
132.562500000000	0.775877249491392
132.583333333333	0.775739700350132
132.604166666667	0.775602203379808
132.625000000000	0.775464758519612
132.645833333333	0.775327365708837
132.666666666667	0.775190024886880
132.687500000000	0.775052735993239
132.708333333333	0.774915498967515
132.729166666667	0.774778313749412
132.750000000000	0.774641180278735
132.770833333333	0.774504098495391
132.791666666667	0.774367068339391
132.812500000000	0.774230089750846
132.833333333333	0.774093162669971
132.854166666667	0.773956287037081
132.875000000000	0.773819462792594
132.895833333333	0.773682689877029
132.916666666667	0.773545968231008
132.937500000000	0.773409297795254
132.958333333333	0.773272678510592
132.979166666667	0.773136110317949
133.000000000000	0.772999593158352
133.020833333333	0.772863126972931
133.041666666667	0.772726711702918
133.062500000000	0.772590347289643
133.083333333333	0.772454033674543
133.104166666667	0.772317770799150
133.125000000000	0.772181558605103
133.145833333333	0.772045397034137
133.166666666667	0.771909286028093
133.187500000000	0.771773225528910
133.208333333333	0.771637215478627
133.229166666667	0.771501255819389
133.250000000000	0.771365346493435
133.270833333333	0.771229487443111
133.291666666667	0.771093678610861
133.312500000000	0.770957919939230
133.333333333333	0.770822211370862
133.354166666667	0.770686552848506
133.375000000000	0.770550944315007
133.395833333333	0.770415385713314
133.416666666667	0.770279876986473
133.437500000000	0.770144418077633
133.458333333333	0.770009008930044
133.479166666667	0.769873649487054
133.500000000000	0.769738339692111
133.520833333333	0.769603079488766
133.541666666667	0.769467868820669
133.562500000000	0.769332707631567
133.583333333333	0.769197595865312
133.604166666667	0.769062533465852
133.625000000000	0.768927520377238
133.645833333333	0.768792556543618
133.666666666667	0.768657641909241
133.687500000000	0.768522776418456
133.708333333333	0.768387960015712
133.729166666667	0.768253192645556
133.750000000000	0.768118474252636
133.770833333333	0.767983804781700
133.791666666667	0.767849184177595
133.812500000000	0.767714612385264
133.833333333333	0.767580089349754
133.854166666667	0.767445615016211
133.875000000000	0.767311189329876
133.895833333333	0.767176812236093
133.916666666667	0.767042483680305
133.937500000000	0.766908203608052
133.958333333333	0.766773971964973
133.979166666667	0.766639788696809
134.000000000000	0.766505653749397
134.020833333333	0.766371567068673
134.041666666667	0.766237528600672
134.062500000000	0.766103538291530
134.083333333333	0.765969596087478
134.104166666667	0.765835701934848
134.125000000000	0.765701855780069
134.145833333333	0.765568057569669
134.166666666667	0.765434307250276
134.187500000000	0.765300604768614
134.208333333333	0.765166950071506
134.229166666667	0.765033343105875
134.250000000000	0.764899783818739
134.270833333333	0.764766272157216
134.291666666667	0.764632808068522
134.312500000000	0.764499391499970
134.333333333333	0.764366022398973
134.354166666667	0.764232700713041
134.375000000000	0.764099426389780
134.395833333333	0.763966199376894
134.416666666667	0.763833019622189
134.437500000000	0.763699887073564
134.458333333333	0.763566801679016
134.479166666667	0.763433763386643
134.500000000000	0.763300772144635
134.520833333333	0.763167827901285
134.541666666667	0.763034930604979
134.562500000000	0.762902080204204
134.583333333333	0.762769276647540
134.604166666667	0.762636519883669
134.625000000000	0.762503809861365
134.645833333333	0.762371146529503
134.666666666667	0.762238529837054
134.687500000000	0.762105959733084
134.708333333333	0.761973436166758
134.729166666667	0.761840959087339
134.750000000000	0.761708528444182
134.770833333333	0.761576144186743
134.791666666667	0.761443806264574
134.812500000000	0.761311514627321
134.833333333333	0.761179269224730
134.854166666667	0.761047070006641
134.875000000000	0.760914916922991
134.895833333333	0.760782809923814
134.916666666667	0.760650748959240
134.937500000000	0.760518733979494
134.958333333333	0.760386764934898
134.979166666667	0.760254841775871
135.000000000000	0.760122964452927
135.020833333333	0.759991132916676
135.041666666667	0.759859347117824
135.062500000000	0.759727607007173
135.083333333333	0.759595912535620
135.104166666667	0.759464263654160
135.125000000000	0.759332660313881
135.145833333333	0.759201102465968
135.166666666667	0.759069590061701
135.187500000000	0.758938123052455
135.208333333333	0.758806701389702
135.229166666667	0.758675325025009
135.250000000000	0.758543993910037
135.270833333333	0.758412707996543
135.291666666667	0.758281467236379
135.312500000000	0.758150271581492
135.333333333333	0.758019120983925
135.354166666667	0.757888015395815
135.375000000000	0.757756954769395
135.395833333333	0.757625939056991
135.416666666667	0.757494968211024
135.437500000000	0.757364042184013
135.458333333333	0.757233160928569
135.479166666667	0.757102324397396
135.500000000000	0.756971532543296
135.520833333333	0.756840785319163
135.541666666667	0.756710082677989
135.562500000000	0.756579424572854
135.583333333333	0.756448810956938
135.604166666667	0.756318241783514
135.625000000000	0.756187717005948
135.645833333333	0.756057236577700
135.666666666667	0.755926800452325
135.687500000000	0.755796408583472
135.708333333333	0.755666060924884
135.729166666667	0.755535757430396
135.750000000000	0.755405498053940
135.770833333333	0.755275282749539
135.791666666667	0.755145111471312
135.812500000000	0.755014984173469
135.833333333333	0.754884900810315
135.854166666667	0.754754861336250
135.875000000000	0.754624865705764
135.895833333333	0.754494913873443
135.916666666667	0.754365005793967
135.937500000000	0.754235141422105
135.958333333333	0.754105320712723
135.979166666667	0.753975543620781
136.000000000000	0.753845810101328
136.020833333333	0.753716120109508
136.041666666667	0.753586473600560
136.062500000000	0.753456870529812
136.083333333333	0.753327310852688
136.104166666667	0.753197794524703
136.125000000000	0.753068321501466
136.145833333333	0.752938891738676
136.166666666667	0.752809505192128
136.187500000000	0.752680161817706
136.208333333333	0.752550861571391
136.229166666667	0.752421604409251
136.250000000000	0.752292390287450
136.270833333333	0.752163219162243
136.291666666667	0.752034090989978
136.312500000000	0.751905005727093
136.333333333333	0.751775963330121
136.354166666667	0.751646963755684
136.375000000000	0.751518006960498
136.395833333333	0.751389092901371
136.416666666667	0.751260221535200
136.437500000000	0.751131392818977
136.458333333333	0.751002606709784
136.479166666667	0.750873863164795
136.500000000000	0.750745162141276
136.520833333333	0.750616503596583
136.541666666667	0.750487887488164
136.562500000000	0.750359313773560
136.583333333333	0.750230782410402
136.604166666667	0.750102293356410
136.625000000000	0.749973846569399
136.645833333333	0.749845442007273
136.666666666667	0.749717079628027
136.687500000000	0.749588759389748
136.708333333333	0.749460481250612
136.729166666667	0.749332245168889
136.750000000000	0.749204051102935
136.770833333333	0.749075899011201
136.791666666667	0.748947788852228
136.812500000000	0.748819720584644
136.833333333333	0.748691694167172
136.854166666667	0.748563709558622
136.875000000000	0.748435766717897
136.895833333333	0.748307865603990
136.916666666667	0.748180006175982
136.937500000000	0.748052188393046
136.958333333333	0.747924412214444
136.979166666667	0.747796677599529
137.000000000000	0.747668984507744
137.020833333333	0.747541332898621
137.041666666667	0.747413722731783
137.062500000000	0.747286153966942
137.083333333333	0.747158626563898
137.104166666667	0.747031140482545
137.125000000000	0.746903695682864
137.145833333333	0.746776292124923
137.166666666667	0.746648929768884
137.187500000000	0.746521608574996
137.208333333333	0.746394328503598
137.229166666667	0.746267089515117
137.250000000000	0.746139891570070
137.270833333333	0.746012734629064
137.291666666667	0.745885618652794
137.312500000000	0.745758543602044
137.333333333333	0.745631509437687
137.354166666667	0.745504516120685
137.375000000000	0.745377563612088
137.395833333333	0.745250651873037
137.416666666667	0.745123780864759
137.437500000000	0.744996950548571
137.458333333333	0.744870160885877
137.479166666667	0.744743411838172
137.500000000000	0.744616703367037
137.520833333333	0.744490035434143
137.541666666667	0.744363408001249
137.562500000000	0.744236821030200
137.583333333333	0.744110274482931
137.604166666667	0.743983768321466
137.625000000000	0.743857302507915
137.645833333333	0.743730877004476
137.666666666667	0.743604491773438
137.687500000000	0.743478146777172
137.708333333333	0.743351841978142
137.729166666667	0.743225577338898
137.750000000000	0.743099352822075
137.770833333333	0.742973168390400
137.791666666667	0.742847024006683
137.812500000000	0.742720919633825
137.833333333333	0.742594855234813
137.854166666667	0.742468830772720
137.875000000000	0.742342846210707
137.895833333333	0.742216901512023
137.916666666667	0.742090996640003
137.937500000000	0.741965131558069
137.958333333333	0.741839306229730
137.979166666667	0.741713520618583
138.000000000000	0.741587774688309
138.020833333333	0.741462068402678
138.041666666667	0.741336401725547
138.062500000000	0.741210774620858
138.083333333333	0.741085187052639
138.104166666667	0.740959638985006
138.125000000000	0.740834130382162
138.145833333333	0.740708661208393
138.166666666667	0.740583231428074
138.187500000000	0.740457841005666
138.208333333333	0.740332489905715
138.229166666667	0.740207178092853
138.250000000000	0.740081905531799
138.270833333333	0.739956672187356
138.291666666667	0.739831478024416
138.312500000000	0.739706323007953
138.333333333333	0.739581207103029
138.354166666667	0.739456130274791
138.375000000000	0.739331092488472
138.395833333333	0.739206093709389
138.416666666667	0.739081133902946
138.437500000000	0.738956213034631
138.458333333333	0.738831331070018
138.479166666667	0.738706487974767
138.500000000000	0.738581683714620
138.520833333333	0.738456918255408
138.541666666667	0.738332191563045
138.562500000000	0.738207503603529
138.583333333333	0.738082854342945
138.604166666667	0.737958243747461
138.625000000000	0.737833671783330
138.645833333333	0.737709138416890
138.666666666667	0.737584643614563
138.687500000000	0.737460187342857
138.708333333333	0.737335769568363
138.729166666667	0.737211390257756
138.750000000000	0.737087049377796
138.770833333333	0.736962746895327
138.791666666667	0.736838482777279
138.812500000000	0.736714256990662
138.833333333333	0.736590069502572
138.854166666667	0.736465920280191
138.875000000000	0.736341809290782
138.895833333333	0.736217736501693
138.916666666667	0.736093701880355
138.937500000000	0.735969705394284
138.958333333333	0.735845747011078
138.979166666667	0.735721826698419
139.000000000000	0.735597944424073
139.020833333333	0.735474100155889
139.041666666667	0.735350293861799
139.062500000000	0.735226525509818
139.083333333333	0.735102795068045
139.104166666667	0.734979102504662
139.125000000000	0.734855447787932
139.145833333333	0.734731830886205
139.166666666667	0.734608251767909
139.187500000000	0.734484710401559
139.208333333333	0.734361206755749
139.229166666667	0.734237740799160
139.250000000000	0.734114312500550
139.270833333333	0.733990921828766
139.291666666667	0.733867568752731
139.312500000000	0.733744253241455
139.333333333333	0.733620975264028
139.354166666667	0.733497734789624
139.375000000000	0.733374531787496
139.395833333333	0.733251366226983
139.416666666667	0.733128238077502
139.437500000000	0.733005147308556
139.458333333333	0.732882093889727
139.479166666667	0.732759077790680
139.500000000000	0.732636098981161
139.520833333333	0.732513157430997
139.541666666667	0.732390253110099
139.562500000000	0.732267385988458
139.583333333333	0.732144556036146
139.604166666667	0.732021763223317
139.625000000000	0.731899007520205
139.645833333333	0.731776288897128
139.666666666667	0.731653607324482
139.687500000000	0.731530962772746
139.708333333333	0.731408355212481
139.729166666667	0.731285784614325
139.750000000000	0.731163250949000
139.770833333333	0.731040754187309
139.791666666667	0.730918294300134
139.812500000000	0.730795871258438
139.833333333333	0.730673485033266
139.854166666667	0.730551135595741
139.875000000000	0.730428822917069
139.895833333333	0.730306546968535
139.916666666667	0.730184307721503
139.937500000000	0.730062105147420
139.958333333333	0.729939939217812
139.979166666667	0.729817809904284
140.000000000000	0.729695717178522
140.020833333333	0.729573661012290
140.041666666667	0.729451641377437
140.062500000000	0.729329658245885
140.083333333333	0.729207711589641
140.104166666667	0.729085801380788
140.125000000000	0.728963927591491
140.145833333333	0.728842090193994
140.166666666667	0.728720289160618
140.187500000000	0.728598524463766
140.208333333333	0.728476796075922
140.229166666667	0.728355103969643
140.250000000000	0.728233448117571
140.270833333333	0.728111828492423
140.291666666667	0.727990245066998
140.312500000000	0.727868697814172
140.333333333333	0.727747186706902
140.354166666667	0.727625711718220
140.375000000000	0.727504272821239
140.395833333333	0.727382869989151
140.416666666667	0.727261503195227
140.437500000000	0.727140172412813
140.458333333333	0.727018877615337
140.479166666667	0.726897618776303
140.500000000000	0.726776395869295
140.520833333333	0.726655208867974
140.541666666667	0.726534057746080
140.562500000000	0.726412942477428
140.583333333333	0.726291863035917
140.604166666667	0.726170819395517
140.625000000000	0.726049811530280
140.645833333333	0.725928839414334
140.666666666667	0.725807903021886
140.687500000000	0.725687002327219
140.708333333333	0.725566137304694
140.729166666667	0.725445307928751
140.750000000000	0.725324514173904
140.770833333333	0.725203756014747
140.791666666667	0.725083033425951
140.812500000000	0.724962346382262
140.833333333333	0.724841694858505
140.854166666667	0.724721078829582
140.875000000000	0.724600498270471
140.895833333333	0.724479953156225
140.916666666667	0.724359443461979
140.937500000000	0.724238969162940
140.958333333333	0.724118530234391
140.979166666667	0.723998126651697
141.000000000000	0.723877758390293
141.020833333333	0.723757425425695
141.041666666667	0.723637127733493
141.062500000000	0.723516865289353
141.083333333333	0.723396638069018
141.104166666667	0.723276446048308
141.125000000000	0.723156289203117
141.145833333333	0.723036167509415
141.166666666667	0.722916080943250
141.187500000000	0.722796029480743
141.208333333333	0.722676013098093
141.229166666667	0.722556031771573
141.250000000000	0.722436085477533
141.270833333333	0.722316174192395
141.291666666667	0.722196297892662
141.312500000000	0.722076456554907
141.333333333333	0.721956650155781
141.354166666667	0.721836878672010
141.375000000000	0.721717142080393
141.395833333333	0.721597440357808
141.416666666667	0.721477773481203
141.437500000000	0.721358141427605
141.458333333333	0.721238544174114
141.479166666667	0.721118981697904
141.500000000000	0.720999453976224
141.520833333333	0.720879960986399
141.541666666667	0.720760502705827
141.562500000000	0.720641079111980
141.583333333333	0.720521690182406
141.604166666667	0.720402335894725
141.625000000000	0.720283016226634
141.645833333333	0.720163731155901
141.666666666667	0.720044480660371
141.687500000000	0.719925264717959
141.708333333333	0.719806083306659
141.729166666667	0.719686936404534
141.750000000000	0.719567823989723
141.770833333333	0.719448746040439
141.791666666667	0.719329702534967
141.812500000000	0.719210693451667
141.833333333333	0.719091718768972
141.854166666667	0.718972778465386
141.875000000000	0.718853872519490
141.895833333333	0.718735000909935
141.916666666667	0.718616163615449
141.937500000000	0.718497360614827
141.958333333333	0.718378591886943
141.979166666667	0.718259857410740
142.000000000000	0.718141157165234
142.020833333333	0.718022491129517
142.041666666667	0.717903859282749
142.062500000000	0.717785261604167
142.083333333333	0.717666698073076
142.104166666667	0.717548168668857
142.125000000000	0.717429673370961
142.145833333333	0.717311212158913
142.166666666667	0.717192785012309
142.187500000000	0.717074391910818
142.208333333333	0.716956032834179
142.229166666667	0.716837707762205
142.250000000000	0.716719416674780
142.270833333333	0.716601159551860
142.291666666667	0.716482936373472
142.312500000000	0.716364747119717
142.333333333333	0.716246591770763
142.354166666667	0.716128470306854
142.375000000000	0.716010382708303
142.395833333333	0.715892328955495
142.416666666667	0.715774309028886
142.437500000000	0.715656322909002
142.458333333333	0.715538370576443
142.479166666667	0.715420452011876
142.500000000000	0.715302567196043
142.520833333333	0.715184716109755
142.541666666667	0.715066898733893
142.562500000000	0.714949115049409
142.583333333333	0.714831365037326
142.604166666667	0.714713648678738
142.625000000000	0.714595965954809
142.645833333333	0.714478316846772
142.666666666667	0.714360701335933
142.687500000000	0.714243119403665
142.708333333333	0.714125571031414
142.729166666667	0.714008056200695
142.750000000000	0.713890574893093
142.770833333333	0.713773127090262
142.791666666667	0.713655712773926
142.812500000000	0.713538331925881
142.833333333333	0.713420984527989
142.854166666667	0.713303670562185
142.875000000000	0.713186390010471
142.895833333333	0.713069142854919
142.916666666667	0.712951929077672
142.937500000000	0.712834748660941
142.958333333333	0.712717601587004
142.979166666667	0.712600487838213
143.000000000000	0.712483407396984
143.020833333333	0.712366360245805
143.041666666667	0.712249346367232
143.062500000000	0.712132365743890
143.083333333333	0.712015418358473
143.104166666667	0.711898504193743
143.125000000000	0.711781623232530
143.145833333333	0.711664775457733
143.166666666667	0.711547960852320
143.187500000000	0.711431179399326
143.208333333333	0.711314431081857
143.229166666667	0.711197715883084
143.250000000000	0.711081033786247
143.270833333333	0.710964384774655
143.291666666667	0.710847768831684
143.312500000000	0.710731185940777
143.333333333333	0.710614636085447
143.354166666667	0.710498119249273
143.375000000000	0.710381635415902
143.395833333333	0.710265184569048
143.416666666667	0.710148766692494
143.437500000000	0.710032381770089
143.458333333333	0.709916029785748
143.479166666667	0.709799710723457
143.500000000000	0.709683424567266
143.520833333333	0.709567171301292
143.541666666667	0.709450950909722
143.562500000000	0.709334763376806
143.583333333333	0.709218608686862
143.604166666667	0.709102486824276
143.625000000000	0.708986397773501
143.645833333333	0.708870341519054
143.666666666667	0.708754318045520
143.687500000000	0.708638327337550
143.708333333333	0.708522369379863
143.729166666667	0.708406444157242
143.750000000000	0.708290551654536
143.770833333333	0.708174691856662
143.791666666667	0.708058864748603
143.812500000000	0.707943070315404
143.833333333333	0.707827308542182
143.854166666667	0.707711579414115
143.875000000000	0.707595882916447
143.895833333333	0.707480219034490
143.916666666667	0.707364587753621
143.937500000000	0.707248989059281
143.958333333333	0.707133422936976
143.979166666667	0.707017889372279
144.000000000000	0.706902388350829
144.020833333333	0.706786919858326
144.041666666667	0.706671483880539
144.062500000000	0.706556080403301
144.083333333333	0.706440709412508
144.104166666667	0.706325370894123
144.125000000000	0.706210064834173
144.145833333333	0.706094791218749
144.166666666667	0.705979550034008
144.187500000000	0.705864341266169
144.208333333333	0.705749164901518
144.229166666667	0.705634020926403
144.250000000000	0.705518909327239
144.270833333333	0.705403830090502
144.291666666667	0.705288783202735
144.312500000000	0.705173768650542
144.333333333333	0.705058786420594
144.354166666667	0.704943836499623
144.375000000000	0.704828918874426
144.395833333333	0.704714033531864
144.416666666667	0.704599180458861
144.437500000000	0.704484359642405
144.458333333333	0.704369571069546
144.479166666667	0.704254814727400
144.500000000000	0.704140090603142
144.520833333333	0.704025398684016
144.541666666667	0.703910738957323
144.562500000000	0.703796111410431
144.583333333333	0.703681516030770
144.604166666667	0.703566952805833
144.625000000000	0.703452421723173
144.645833333333	0.703337922770410
144.666666666667	0.703223455935225
144.687500000000	0.703109021205359
144.708333333333	0.702994618568619
144.729166666667	0.702880248012872
144.750000000000	0.702765909526049
144.770833333333	0.702651603096141
144.791666666667	0.702537328711203
144.812500000000	0.702423086359352
144.833333333333	0.702308876028765
144.854166666667	0.702194697707683
144.875000000000	0.702080551384408
144.895833333333	0.701966437047303
144.916666666667	0.701852354684793
144.937500000000	0.701738304285366
144.958333333333	0.701624285837569
144.979166666667	0.701510299330012
145.000000000000	0.701396344751365
145.020833333333	0.701282422090360
145.041666666667	0.701168531335791
145.062500000000	0.701054672476512
145.083333333333	0.700940845501438
145.104166666667	0.700827050399544
145.125000000000	0.700713287159867
145.145833333333	0.700599555771506
145.166666666667	0.700485856223616
145.187500000000	0.700372188505418
145.208333333333	0.700258552606191
145.229166666667	0.700144948515273
145.250000000000	0.700031376222064
145.270833333333	0.699917835716024
145.291666666667	0.699804326986673
145.312500000000	0.699690850023591
145.333333333333	0.699577404816418
145.354166666667	0.699463991354854
145.375000000000	0.699350609628658
145.395833333333	0.699237259627650
145.416666666667	0.699123941341709
145.437500000000	0.699010654760773
145.458333333333	0.698897399874840
145.479166666667	0.698784176673968
145.500000000000	0.698670985148272
145.520833333333	0.698557825287930
145.541666666667	0.698444697083175
145.562500000000	0.698331600524303
145.583333333333	0.698218535601665
145.604166666667	0.698105502305674
145.625000000000	0.697992500626801
145.645833333333	0.697879530555574
145.666666666667	0.697766592082582
145.687500000000	0.697653685198471
145.708333333333	0.697540809893947
145.729166666667	0.697427966159772
145.750000000000	0.697315153986769
145.770833333333	0.697202373365817
145.791666666667	0.697089624287855
145.812500000000	0.696976906743877
145.833333333333	0.696864220724939
145.854166666667	0.696751566222154
145.875000000000	0.696638943226688
145.895833333333	0.696526351729772
145.916666666667	0.696413791722689
145.937500000000	0.696301263196782
145.958333333333	0.696188766143452
145.979166666667	0.696076300554156
146.000000000000	0.695963866420408
146.020833333333	0.695851463733781
146.041666666667	0.695739092485905
146.062500000000	0.695626752668464
146.083333333333	0.695514444273202
146.104166666667	0.695402167291919
146.125000000000	0.695289921716472
146.145833333333	0.695177707538775
146.166666666667	0.695065524750798
146.187500000000	0.694953373344567
146.208333333333	0.694841253312166
146.229166666667	0.694729164645733
146.250000000000	0.694617107337467
146.270833333333	0.694505081379616
146.291666666667	0.694393086764492
146.312500000000	0.694281123484457
146.333333333333	0.694169191531932
146.354166666667	0.694057290899393
146.375000000000	0.693945421579372
146.395833333333	0.693833583564456
146.416666666667	0.693721776847289
146.437500000000	0.693610001420569
146.458333333333	0.693498257277052
146.479166666667	0.693386544409545
146.500000000000	0.693274862810914
146.520833333333	0.693163212474080
146.541666666667	0.693051593392018
146.562500000000	0.692940005557757
146.583333333333	0.692828448964384
146.604166666667	0.692716923605038
146.625000000000	0.692605429472913
146.645833333333	0.692493966561260
146.666666666667	0.692382534863384
146.687500000000	0.692271134372642
146.708333333333	0.692159765082448
146.729166666667	0.692048426986269
146.750000000000	0.691937120077628
146.770833333333	0.691825844350100
146.791666666667	0.691714599797316
146.812500000000	0.691603386412959
146.833333333333	0.691492204190768
146.854166666667	0.691381053124535
146.875000000000	0.691269933208106
146.895833333333	0.691158844435380
146.916666666667	0.691047786800310
146.937500000000	0.690936760296903
146.958333333333	0.690825764919220
146.979166666667	0.690714800661373
147.000000000000	0.690603867517529
147.020833333333	0.690492965481908
147.041666666667	0.690382094548782
147.062500000000	0.690271254712479
147.083333333333	0.690160445967377
147.104166666667	0.690049668307908
147.125000000000	0.689938921728556
147.145833333333	0.689828206223858
147.166666666667	0.689717521788405
147.187500000000	0.689606868416839
147.208333333333	0.689496246103854
147.229166666667	0.689385654844198
147.250000000000	0.689275094632670
147.270833333333	0.689164565464121
147.291666666667	0.689054067333456
147.312500000000	0.688943600235630
147.333333333333	0.688833164165650
147.354166666667	0.688722759118577
147.375000000000	0.688612385089520
147.395833333333	0.688502042073643
147.416666666667	0.688391730066161
147.437500000000	0.688281449062339
147.458333333333	0.688171199057495
147.479166666667	0.688060980046997
147.500000000000	0.687950792026265
147.520833333333	0.687840634990770
147.541666666667	0.687730508936035
147.562500000000	0.687620413857631
147.583333333333	0.687510349751185
147.604166666667	0.687400316612370
147.625000000000	0.687290314436912
147.645833333333	0.687180343220587
147.666666666667	0.687070402959223
147.687500000000	0.686960493648695
147.708333333333	0.686850615284932
147.729166666667	0.686740767863912
147.750000000000	0.686630951381665
147.770833333333	0.686521165834265
147.791666666667	0.686411411217844
147.812500000000	0.686301687528580
147.833333333333	0.686191994762699
147.854166666667	0.686082332916482
147.875000000000	0.685972701986255
147.895833333333	0.685863101968396
147.916666666667	0.685753532859332
147.937500000000	0.685643994655538
147.958333333333	0.685534487353543
147.979166666667	0.685425010949919
148.000000000000	0.685315565441291
148.020833333333	0.685206150824334
148.041666666667	0.685096767095769
148.062500000000	0.684987414252367
148.083333333333	0.684878092290950
148.104166666667	0.684768801208385
148.125000000000	0.684659541001592
148.145833333333	0.684550311667535
148.166666666667	0.684441113203231
148.187500000000	0.684331945605743
148.208333333333	0.684222808872181
148.229166666667	0.684113702999707
148.250000000000	0.684004627985527
148.270833333333	0.683895583826899
148.291666666667	0.683786570521127
148.312500000000	0.683677588065563
148.333333333333	0.683568636457607
148.354166666667	0.683459715694706
148.375000000000	0.683350825774356
148.395833333333	0.683241966694101
148.416666666667	0.683133138451531
148.437500000000	0.683024341044283
148.458333333333	0.682915574470044
148.479166666667	0.682806838726545
148.500000000000	0.682698133811567
148.520833333333	0.682589459722935
148.541666666667	0.682480816458525
148.562500000000	0.682372204016256
148.583333333333	0.682263622394097
148.604166666667	0.682155071590061
148.625000000000	0.682046551602209
148.645833333333	0.681938062428648
148.666666666667	0.681829604067534
148.687500000000	0.681721176517066
148.708333333333	0.681612779775490
148.729166666667	0.681504413841100
148.750000000000	0.681396078712235
148.770833333333	0.681287774387279
148.791666666667	0.681179500864665
148.812500000000	0.681071258142868
148.833333333333	0.680963046220411
148.854166666667	0.680854865095863
148.875000000000	0.680746714767838
148.895833333333	0.680638595234995
148.916666666667	0.680530506496040
148.937500000000	0.680422448549723
148.958333333333	0.680314421394839
148.979166666667	0.680206425030230
149.000000000000	0.680098459454782
149.020833333333	0.679990524667425
149.041666666667	0.679882620667136
149.062500000000	0.679774747452935
149.083333333333	0.679666905023889
149.104166666667	0.679559093379107
149.125000000000	0.679451312517744
149.145833333333	0.679343562439000
149.166666666667	0.679235843142118
149.187500000000	0.679128154626388
149.208333333333	0.679020496891140
149.229166666667	0.678912869935753
149.250000000000	0.678805273759646
149.270833333333	0.678697708362285
149.291666666667	0.678590173743177
149.312500000000	0.678482669901876
149.333333333333	0.678375196837978
149.354166666667	0.678267754551122
149.375000000000	0.678160343040993
149.395833333333	0.678052962307316
149.416666666667	0.677945612349863
149.437500000000	0.677838293168447
149.458333333333	0.677731004762924
149.479166666667	0.677623747133197
149.500000000000	0.677516520279206
149.520833333333	0.677409324200937
149.541666666667	0.677302158898422
149.562500000000	0.677195024371731
149.583333333333	0.677087920620978
149.604166666667	0.676980847646320
149.625000000000	0.676873805447958
149.645833333333	0.676766794026134
149.666666666667	0.676659813381131
149.687500000000	0.676552863513278
149.708333333333	0.676445944422942
149.729166666667	0.676339056110536
149.750000000000	0.676232198576512
149.770833333333	0.676125371821365
149.791666666667	0.676018575845633
149.812500000000	0.675911810649894
149.833333333333	0.675805076234769
149.854166666667	0.675698372600920
149.875000000000	0.675591699749050
149.895833333333	0.675485057679905
149.916666666667	0.675378446394270
149.937500000000	0.675271865892975
149.958333333333	0.675165316176887
149.979166666667	0.675058797246917
150.000000000000	0.674952309104014
150.020833333333	0.674845851749173
150.041666666667	0.674739425183424
150.062500000000	0.674633029407841
150.083333333333	0.674526664423540
150.104166666667	0.674420330231674
150.125000000000	0.674314026833439
150.145833333333	0.674207754230069
150.166666666667	0.674101512422842
150.187500000000	0.673995301413074
150.208333333333	0.673889121202120
150.229166666667	0.673782971791378
150.250000000000	0.673676853182283
150.270833333333	0.673570765376313
150.291666666667	0.673464708374982
150.312500000000	0.673358682179848
150.333333333333	0.673252686792505
150.354166666667	0.673146722214588
150.375000000000	0.673040788447773
150.395833333333	0.672934885493773
150.416666666667	0.672829013354341
150.437500000000	0.672723172031269
150.458333333333	0.672617361526390
150.479166666667	0.672511581841574
150.500000000000	0.672405832978729
150.520833333333	0.672300114939806
150.541666666667	0.672194427726791
150.562500000000	0.672088771341710
150.583333333333	0.671983145786627
150.604166666667	0.671877551063646
150.625000000000	0.671771987174908
150.645833333333	0.671666454122593
150.666666666667	0.671560951908919
150.687500000000	0.671455480536142
150.708333333333	0.671350040006557
150.729166666667	0.671244630322497
150.750000000000	0.671139251486332
150.770833333333	0.671033903500469
150.791666666667	0.670928586367356
150.812500000000	0.670823300089476
150.833333333333	0.670718044669349
150.854166666667	0.670612820109536
150.875000000000	0.670507626412631
150.895833333333	0.670402463581269
150.916666666667	0.670297331618121
150.937500000000	0.670192230525893
150.958333333333	0.670087160307332
150.979166666667	0.669982120965220
151.000000000000	0.669877112502376
151.020833333333	0.669772134921654
151.041666666667	0.669667188225948
151.062500000000	0.669562272418187
151.083333333333	0.669457387501337
151.104166666667	0.669352533478399
151.125000000000	0.669247710352413
151.145833333333	0.669142918126453
151.166666666667	0.669038156803631
151.187500000000	0.668933426387094
151.208333333333	0.668828726880025
151.229166666667	0.668724058285644
151.250000000000	0.668619420607206
151.270833333333	0.668514813848001
151.291666666667	0.668410238011357
151.312500000000	0.668305693100636
151.333333333333	0.668201179119236
151.354166666667	0.668096696070590
151.375000000000	0.667992243958167
151.395833333333	0.667887822785471
151.416666666667	0.667783432556041
151.437500000000	0.667679073273453
151.458333333333	0.667574744941314
151.479166666667	0.667470447563270
151.500000000000	0.667366181143000
151.520833333333	0.667261945684217
151.541666666667	0.667157741190671
151.562500000000	0.667053567666145
151.583333333333	0.666949425114456
151.604166666667	0.666845313539458
151.625000000000	0.666741232945035
151.645833333333	0.666637183335111
151.666666666667	0.666533164713639
151.687500000000	0.666429177084608
151.708333333333	0.666325220452043
151.729166666667	0.666221294820000
151.750000000000	0.666117400192570
151.770833333333	0.666013536573878
151.791666666667	0.665909703968083
151.812500000000	0.665805902379376
151.833333333333	0.665702131811982
151.854166666667	0.665598392270162
151.875000000000	0.665494683758207
151.895833333333	0.665391006280443
151.916666666667	0.665287359841228
151.937500000000	0.665183744444954
151.958333333333	0.665080160096046
151.979166666667	0.664976606798963
152.000000000000	0.664873084558193
152.020833333333	0.664769593378261
152.041666666667	0.664666133263723
152.062500000000	0.664562704219167
152.083333333333	0.664459306249214
152.104166666667	0.664355939358517
152.125000000000	0.664252603551763
152.145833333333	0.664149298833669
152.166666666667	0.664046025208985
152.187500000000	0.663942782682494
152.208333333333	0.663839571259009
152.229166666667	0.663736390943378
152.250000000000	0.663633241740477
152.270833333333	0.663530123655216
152.291666666667	0.663427036692538
152.312500000000	0.663323980857413
152.333333333333	0.663220956154847
152.354166666667	0.663117962589876
152.375000000000	0.663015000167566
152.395833333333	0.662912068893015
152.416666666667	0.662809168771353
152.437500000000	0.662706299807741
152.458333333333	0.662603462007370
152.479166666667	0.662500655375462
152.500000000000	0.662397879917270
152.520833333333	0.662295135638077
152.541666666667	0.662192422543200
152.562500000000	0.662089740637981
152.583333333333	0.661987089927797
152.604166666667	0.661884470418054
152.625000000000	0.661781882114187
152.645833333333	0.661679325021663
152.666666666667	0.661576799145979
152.687500000000	0.661474304492660
152.708333333333	0.661371841067264
152.729166666667	0.661269408875377
152.750000000000	0.661167007922614
152.770833333333	0.661064638214622
152.791666666667	0.660962299757076
152.812500000000	0.660859992555681
152.833333333333	0.660757716616171
152.854166666667	0.660655471944311
152.875000000000	0.660553258545893
152.895833333333	0.660451076426740
152.916666666667	0.660348925592702
152.937500000000	0.660246806049661
152.958333333333	0.660144717803526
152.979166666667	0.660042660860236
153.000000000000	0.659940635225756
153.020833333333	0.659838640906083
153.041666666667	0.659736677907242
153.062500000000	0.659634746235285
153.083333333333	0.659532845896294
153.104166666667	0.659430976896377
153.125000000000	0.659329139241674
153.145833333333	0.659227332938351
153.166666666667	0.659125557992601
153.187500000000	0.659023814410648
153.208333333333	0.658922102198740
153.229166666667	0.658820421363158
153.250000000000	0.658718771910206
153.270833333333	0.658617153846218
153.291666666667	0.658515567177555
153.312500000000	0.658414011910606
153.333333333333	0.658312488051788
153.354166666667	0.658210995607543
153.375000000000	0.658109534584343
153.395833333333	0.658008104988686
153.416666666667	0.657906706827096
153.437500000000	0.657805340106127
153.458333333333	0.657704004832357
153.479166666667	0.657602701012392
153.500000000000	0.657501428652866
153.520833333333	0.657400187760436
153.541666666667	0.657298978341790
153.562500000000	0.657197800403640
153.583333333333	0.657096653952725
153.604166666667	0.656995538995811
153.625000000000	0.656894455539690
153.645833333333	0.656793403591178
153.666666666667	0.656692383157121
153.687500000000	0.656591394244387
153.708333333333	0.656490436859874
153.729166666667	0.656389511010503
153.750000000000	0.656288616703222
153.770833333333	0.656187753945004
153.791666666667	0.656086922742848
153.812500000000	0.655986123103778
153.833333333333	0.655885355034844
153.854166666667	0.655784618543123
153.875000000000	0.655683913635713
153.895833333333	0.655583240319742
153.916666666667	0.655482598602360
153.937500000000	0.655381988490742
153.958333333333	0.655281409992091
153.979166666667	0.655180863113631
154.000000000000	0.655080347862613
154.020833333333	0.654979864246313
154.041666666667	0.654879412272030
154.062500000000	0.654778991947088
154.083333333333	0.654678603278838
154.104166666667	0.654578246274651
154.125000000000	0.654477920941926
154.145833333333	0.654377627288084
154.166666666667	0.654277365320571
154.187500000000	0.654177135046857
154.208333333333	0.654076936474437
154.229166666667	0.653976769610828
154.250000000000	0.653876634463570
154.270833333333	0.653776531040231
154.291666666667	0.653676459348398
154.312500000000	0.653576419395685
154.333333333333	0.653476411189726
154.354166666667	0.653376434738183
154.375000000000	0.653276490048737
154.395833333333	0.653176577129093
154.416666666667	0.653076695986983
154.437500000000	0.652976846630156
154.458333333333	0.652877029066389
154.479166666667	0.652777243303479
154.500000000000	0.652677489349248
154.520833333333	0.652577767211538
154.541666666667	0.652478076898217
154.562500000000	0.652378418417172
154.583333333333	0.652278791776315
154.604166666667	0.652179196983580
154.625000000000	0.652079634046922
154.645833333333	0.651980102974320
154.666666666667	0.651880603773775
154.687500000000	0.651781136453309
154.708333333333	0.651681701020965
154.729166666667	0.651582297484812
154.750000000000	0.651482925852936
154.770833333333	0.651383586133448
154.791666666667	0.651284278334479
154.812500000000	0.651185002464184
154.833333333333	0.651085758530736
154.854166666667	0.650986546542332
154.875000000000	0.650887366507189
154.895833333333	0.650788218433545
154.916666666667	0.650689102329663
154.937500000000	0.650590018203821
154.958333333333	0.650490966064323
154.979166666667	0.650391945919491
155.000000000000	0.650292957777670
155.020833333333	0.650194001647224
155.041666666667	0.650095077536538
155.062500000000	0.649996185454019
155.083333333333	0.649897325408093
155.104166666667	0.649798497407207
155.125000000000	0.649699701459828
155.145833333333	0.649600937574445
155.166666666667	0.649502205759565
155.187500000000	0.649403506023717
155.208333333333	0.649304838375448
155.229166666667	0.649206202823326
155.250000000000	0.649107599375939
155.270833333333	0.649009028041896
155.291666666667	0.648910488829824
155.312500000000	0.648811981748370
155.333333333333	0.648713506806200
155.354166666667	0.648615064012001
155.375000000000	0.648516653374479
155.395833333333	0.648418274902359
155.416666666667	0.648319928604384
155.437500000000	0.648221614489318
155.458333333333	0.648123332565945
155.479166666667	0.648025082843064
155.500000000000	0.647926865329497
155.520833333333	0.647828680034083
155.541666666667	0.647730526965680
155.562500000000	0.647632406133164
155.583333333333	0.647534317545432
155.604166666667	0.647436261211396
155.625000000000	0.647338237139990
155.645833333333	0.647240245340164
155.666666666667	0.647142285820886
155.687500000000	0.647044358591145
155.708333333333	0.646946463659945
155.729166666667	0.646848601036310
155.750000000000	0.646750770729281
155.770833333333	0.646652972747917
155.791666666667	0.646555207101296
155.812500000000	0.646457473798512
155.833333333333	0.646359772848678
155.854166666667	0.646262104260923
155.875000000000	0.646164468044396
155.895833333333	0.646066864208261
155.916666666667	0.645969292761700
155.937500000000	0.645871753713913
155.958333333333	0.645774247074116
155.979166666667	0.645676772851544
156.000000000000	0.645579331055447
156.020833333333	0.645481921695093
156.041666666667	0.645384544779766
156.062500000000	0.645287200318769
156.083333333333	0.645189888321418
156.104166666667	0.645092608797049
156.125000000000	0.644995361755013
156.145833333333	0.644898147204678
156.166666666667	0.644800965155427
156.187500000000	0.644703815616662
156.208333333333	0.644606698597799
156.229166666667	0.644509614108270
156.250000000000	0.644412562157525
156.270833333333	0.644315542755028
156.291666666667	0.644218555910261
156.312500000000	0.644121601632719
156.333333333333	0.644024679931916
156.354166666667	0.643927790817379
156.375000000000	0.643830934298652
156.395833333333	0.643734110385295
156.416666666667	0.643637319086881
156.437500000000	0.643540560413001
156.458333333333	0.643443834373260
156.479166666667	0.643347140977280
156.500000000000	0.643250480234694
156.520833333333	0.643153852155154
156.541666666667	0.643057256748326
156.562500000000	0.642960694023890
156.583333333333	0.642864163991542
156.604166666667	0.642767666660991
156.625000000000	0.642671202041964
156.645833333333	0.642574770144198
156.666666666667	0.642478370977448
156.687500000000	0.642382004551482
156.708333333333	0.642285670876084
156.729166666667	0.642189369961049
156.750000000000	0.642093101816190
156.770833333333	0.641996866451330
156.791666666667	0.641900663876311
156.812500000000	0.641804494100985
156.833333333333	0.641708357135219
156.854166666667	0.641612252988894
156.875000000000	0.641516181671905
156.895833333333	0.641420143194161
156.916666666667	0.641324137565583
156.937500000000	0.641228164796108
156.958333333333	0.641132224895682
156.979166666667	0.641036317874271
157.000000000000	0.640940443741848
157.020833333333	0.640844602508402
157.041666666667	0.640748794183936
157.062500000000	0.640653018778464
157.083333333333	0.640557276302015
157.104166666667	0.640461566764629
157.125000000000	0.640365890176358
157.145833333333	0.640270246547271
157.166666666667	0.640174635887446
157.187500000000	0.640079058206974
157.208333333333	0.639983513515960
157.229166666667	0.639888001824520
157.250000000000	0.639792523142782
157.270833333333	0.639697077480889
157.291666666667	0.639601664848994
157.312500000000	0.639506285257260
157.333333333333	0.639410938715868
157.354166666667	0.639315625235006
157.375000000000	0.639220344824875
157.395833333333	0.639125097495689
157.416666666667	0.639029883257672
157.437500000000	0.638934702121062
157.458333333333	0.638839554096106
157.479166666667	0.638744439193065
157.500000000000	0.638649357422209
157.520833333333	0.638554308793821
157.541666666667	0.638459293318195
157.562500000000	0.638364311005636
157.583333333333	0.638269361866461
157.604166666667	0.638174445910996
157.625000000000	0.638079563149580
157.645833333333	0.637984713592562
157.666666666667	0.637889897250302
157.687500000000	0.637795114133172
157.708333333333	0.637700364251551
157.729166666667	0.637605647615833
157.750000000000	0.637510964236421
157.770833333333	0.637416314123727
157.791666666667	0.637321697288175
157.812500000000	0.637227113740199
157.833333333333	0.637132563490242
157.854166666667	0.637038046548760
157.875000000000	0.636943562926216
157.895833333333	0.636849112633085
157.916666666667	0.636754695679851
157.937500000000	0.636660312077008
157.958333333333	0.636565961835060
157.979166666667	0.636471644964521
158.000000000000	0.636377361475915
158.020833333333	0.636283111379773
158.041666666667	0.636188894686639
158.062500000000	0.636094711407064
158.083333333333	0.636000561551609
158.104166666667	0.635906445130846
158.125000000000	0.635812362155352
158.145833333333	0.635718312635718
158.166666666667	0.635624296582542
158.187500000000	0.635530314006428
158.208333333333	0.635436364917995
158.229166666667	0.635342449327865
158.250000000000	0.635248567246673
158.270833333333	0.635154718685060
158.291666666667	0.635060903653677
158.312500000000	0.634967122163182
158.333333333333	0.634873374224244
158.354166666667	0.634779659847539
158.375000000000	0.634685979043750
158.395833333333	0.634592331823570
158.416666666667	0.634498718197701
158.437500000000	0.634405138176850
158.458333333333	0.634311591771735
158.479166666667	0.634218078993079
158.500000000000	0.634124599851617
158.520833333333	0.634031154358087
158.541666666667	0.633937742523240
158.562500000000	0.633844364357829
158.583333333333	0.633751019872619
158.604166666667	0.633657709078381
158.625000000000	0.633564431985893
158.645833333333	0.633471188605940
158.666666666667	0.633377978949316
158.687500000000	0.633284803026821
158.708333333333	0.633191660849262
158.729166666667	0.633098552427454
158.750000000000	0.633005477772218
158.770833333333	0.632912436894383
158.791666666667	0.632819429804784
158.812500000000	0.632726456514262
158.833333333333	0.632633517033668
158.854166666667	0.632540611373855
158.875000000000	0.632447739545688
158.895833333333	0.632354901560032
158.916666666667	0.632262097427765
158.937500000000	0.632169327159765
158.958333333333	0.632076590766923
158.979166666667	0.631983888260131
159.000000000000	0.631891219650289
159.020833333333	0.631798584948303
159.041666666667	0.631705984165085
159.062500000000	0.631613417311554
159.083333333333	0.631520884398632
159.104166666667	0.631428385437250
159.125000000000	0.631335920438343
159.145833333333	0.631243489412851
159.166666666667	0.631151092371722
159.187500000000	0.631058729325906
159.208333333333	0.630966400286363
159.229166666667	0.630874105264053
159.250000000000	0.630781844269946
159.270833333333	0.630689617315015
159.291666666667	0.630597424410239
159.312500000000	0.630505265566600
159.333333333333	0.630413140795087
159.354166666667	0.630321050106695
159.375000000000	0.630228993512420
159.395833333333	0.630136971023267
159.416666666667	0.630044982650243
159.437500000000	0.629953028404361
159.458333333333	0.629861108296637
159.479166666667	0.629769222338094
159.500000000000	0.629677370539757
159.520833333333	0.629585552912657
159.541666666667	0.629493769467829
159.562500000000	0.629402020216312
159.583333333333	0.629310305169148
159.604166666667	0.629218624337385
159.625000000000	0.629126977732074
159.645833333333	0.629035365364271
159.666666666667	0.628943787245035
159.687500000000	0.628852243385428
159.708333333333	0.628760733796517
159.729166666667	0.628669258489373
159.750000000000	0.628577817475070
159.770833333333	0.628486410764684
159.791666666667	0.628395038369297
159.812500000000	0.628303700299994
159.833333333333	0.628212396567862
159.854166666667	0.628121127183992
159.875000000000	0.628029892159478
159.895833333333	0.627938691505417
159.916666666667	0.627847525232911
159.937500000000	0.627756393353061
159.958333333333	0.627665295876976
159.979166666667	0.627574232815762
160.000000000000	0.627483204180533
160.020833333333	0.627392209982404
160.041666666667	0.627301250232491
160.062500000000	0.627210324941914
160.083333333333	0.627119434121795
160.104166666667	0.627028577783260
160.125000000000	0.626937755937436
160.145833333333	0.626846968595452
160.166666666667	0.626756215768439
160.187500000000	0.626665497467533
160.208333333333	0.626574813703867
160.229166666667	0.626484164488582
160.250000000000	0.626393549832816
160.270833333333	0.626302969747712
160.291666666667	0.626212424244413
160.312500000000	0.626121913334064
160.333333333333	0.626031437027814
160.354166666667	0.625940995336811
160.375000000000	0.625850588272205
160.395833333333	0.625760215845148
160.416666666667	0.625669878066794
160.437500000000	0.625579574948296
160.458333333333	0.625489306500811
160.479166666667	0.625399072735497
160.500000000000	0.625308873663512
160.520833333333	0.625218709296015
160.541666666667	0.625128579644165
160.562500000000	0.625038484719127
160.583333333333	0.624948424532060
160.604166666667	0.624858399094130
160.625000000000	0.624768408416499
160.645833333333	0.624678452510331
160.666666666667	0.624588531386794
160.687500000000	0.624498645057051
160.708333333333	0.624408793532270
160.729166666667	0.624318976823618
160.750000000000	0.624229194942261
160.770833333333	0.624139447899366
160.791666666667	0.624049735706103
160.812500000000	0.623960058373637
160.833333333333	0.623870415913138
160.854166666667	0.623780808335773
160.875000000000	0.623691235652710
160.895833333333	0.623601697875118
160.916666666667	0.623512195014163
160.937500000000	0.623422727081013
160.958333333333	0.623333294086835
160.979166666667	0.623243896042797
161.000000000000	0.623154532960064
161.020833333333	0.623065204849803
161.041666666667	0.622975911723179
161.062500000000	0.622886653591357
161.083333333333	0.622797430465500
161.104166666667	0.622708242356771
161.125000000000	0.622619089276335
161.145833333333	0.622529971235352
161.166666666667	0.622440888244982
161.187500000000	0.622351840316387
161.208333333333	0.622262827460723
161.229166666667	0.622173849689149
161.250000000000	0.622084907012821
161.270833333333	0.621995999442894
161.291666666667	0.621907126990522
161.312500000000	0.621818289666857
161.333333333333	0.621729487483051
161.354166666667	0.621640720450251
161.375000000000	0.621551988579607
161.395833333333	0.621463291882265
161.416666666667	0.621374630369368
161.437500000000	0.621286004052059
161.458333333333	0.621197412941480
161.479166666667	0.621108857048770
161.500000000000	0.621020336385064
161.520833333333	0.620931850961499
161.541666666667	0.620843400789207
161.562500000000	0.620754985879319
161.583333333333	0.620666606242963
161.604166666667	0.620578261891266
161.625000000000	0.620489952835352
161.645833333333	0.620401679086341
161.666666666667	0.620313440655354
161.687500000000	0.620225237553506
161.708333333333	0.620137069791912
161.729166666667	0.620048937381683
161.750000000000	0.619960840333927
161.770833333333	0.619872778659750
161.791666666667	0.619784752370256
161.812500000000	0.619696761476543
161.833333333333	0.619608805989710
161.854166666667	0.619520885920851
161.875000000000	0.619433001281055
161.895833333333	0.619345152081411
161.916666666667	0.619257338333005
161.937500000000	0.619169560046917
161.958333333333	0.619081817234224
161.979166666667	0.618994109906003
162.000000000000	0.618906438073323
162.020833333333	0.618818801747253
162.041666666667	0.618731200938857
162.062500000000	0.618643635659194
162.083333333333	0.618556105919322
162.104166666667	0.618468611730294
162.125000000000	0.618381153103159
162.145833333333	0.618293730048962
162.166666666667	0.618206342578745
162.187500000000	0.618118990703544
162.208333333333	0.618031674434392
162.229166666667	0.617944393782321
162.250000000000	0.617857148758352
162.270833333333	0.617769939373509
162.291666666667	0.617682765638807
162.312500000000	0.617595627565258
162.333333333333	0.617508525163869
162.354166666667	0.617421458445643
162.375000000000	0.617334427421581
162.395833333333	0.617247432102673
162.416666666667	0.617160472499912
162.437500000000	0.617073548624280
162.458333333333	0.616986660486757
162.479166666667	0.616899808098319
162.500000000000	0.616812991469936
162.520833333333	0.616726210612571
162.541666666667	0.616639465537186
162.562500000000	0.616552756254735
162.583333333333	0.616466082776168
162.604166666667	0.616379445112429
162.625000000000	0.616292843274459
162.645833333333	0.616206277273189
162.666666666667	0.616119747119550
162.687500000000	0.616033252824465
162.708333333333	0.615946794398850
162.729166666667	0.615860371853619
162.750000000000	0.615773985199676
162.770833333333	0.615687634447924
162.791666666667	0.615601319609257
162.812500000000	0.615515040694565
162.833333333333	0.615428797714730
162.854166666667	0.615342590680631
162.875000000000	0.615256419603138
162.895833333333	0.615170284493118
162.916666666667	0.615084185361430
162.937500000000	0.614998122218926
162.958333333333	0.614912095076454
162.979166666667	0.614826103944855
163.000000000000	0.614740148834964
163.020833333333	0.614654229757607
163.041666666667	0.614568346723608
163.062500000000	0.614482499743781
163.083333333333	0.614396688828935
163.104166666667	0.614310913989871
163.125000000000	0.614225175237386
163.145833333333	0.614139472582268
163.166666666667	0.614053806035299
163.187500000000	0.613968175607253
163.208333333333	0.613882581308900
163.229166666667	0.613797023151000
163.250000000000	0.613711501144307
163.270833333333	0.613626015299569
163.291666666667	0.613540565627525
163.312500000000	0.613455152138910
163.333333333333	0.613369774844447
163.354166666667	0.613284433754856
163.375000000000	0.613199128880848
163.395833333333	0.613113860233125
163.416666666667	0.613028627822386
163.437500000000	0.612943431659317
163.458333333333	0.612858271754601
163.479166666667	0.612773148118910
163.500000000000	0.612688060762911
163.520833333333	0.612603009697261
163.541666666667	0.612517994932612
163.562500000000	0.612433016479605
163.583333333333	0.612348074348874
163.604166666667	0.612263168551047
163.625000000000	0.612178299096742
163.645833333333	0.612093465996570
163.666666666667	0.612008669261134
163.687500000000	0.611923908901026
163.708333333333	0.611839184926834
163.729166666667	0.611754497349134
163.750000000000	0.611669846178497
163.770833333333	0.611585231425484
163.791666666667	0.611500653100647
163.812500000000	0.611416111214529
163.833333333333	0.611331605777667
163.854166666667	0.611247136800588
163.875000000000	0.611162704293810
163.895833333333	0.611078308267841
163.916666666667	0.610993948733184
163.937500000000	0.610909625700330
163.958333333333	0.610825339179761
163.979166666667	0.610741089181952
164.000000000000	0.610656875717369
164.020833333333	0.610572698796467
164.041666666667	0.610488558429692
164.062500000000	0.610404454627484
164.083333333333	0.610320387400271
164.104166666667	0.610236356758471
164.125000000000	0.610152362712496
164.145833333333	0.610068405272744
164.166666666667	0.609984484449610
164.187500000000	0.609900600253473
164.208333333333	0.609816752694706
164.229166666667	0.609732941783672
164.250000000000	0.609649167530725
164.270833333333	0.609565429946206
164.291666666667	0.609481729040451
164.312500000000	0.609398064823783
164.333333333333	0.609314437306516
164.354166666667	0.609230846498955
164.375000000000	0.609147292411393
164.395833333333	0.609063775054114
164.416666666667	0.608980294437395
164.437500000000	0.608896850571497
164.458333333333	0.608813443466675
164.479166666667	0.608730073133174
164.500000000000	0.608646739581225
164.520833333333	0.608563442821054
164.541666666667	0.608480182862872
164.562500000000	0.608396959716883
164.583333333333	0.608313773393277
164.604166666667	0.608230623902237
164.625000000000	0.608147511253934
164.645833333333	0.608064435458528
164.666666666667	0.607981396526168
164.687500000000	0.607898394466993
164.708333333333	0.607815429291133
164.729166666667	0.607732501008704
164.750000000000	0.607649609629812
164.770833333333	0.607566755164553
164.791666666667	0.607483937623013
164.812500000000	0.607401157015264
164.833333333333	0.607318413351369
164.854166666667	0.607235706641380
164.875000000000	0.607153036895338
164.895833333333	0.607070404123270
164.916666666667	0.606987808335195
164.937500000000	0.606905249541118
164.958333333333	0.606822727751037
164.979166666667	0.606740242974934
165.000000000000	0.606657795222780
165.020833333333	0.606575384504539
165.041666666667	0.606493010830157
165.062500000000	0.606410674209574
165.083333333333	0.606328374652714
165.104166666667	0.606246112169493
165.125000000000	0.606163886769811
165.145833333333	0.606081698463561
165.166666666667	0.605999547260621
165.187500000000	0.605917433170858
165.208333333333	0.605835356204126
165.229166666667	0.605753316370269
165.250000000000	0.605671313679117
165.270833333333	0.605589348140489
165.291666666667	0.605507419764192
165.312500000000	0.605425528560021
165.333333333333	0.605343674537757
165.354166666667	0.605261857707169
165.375000000000	0.605180078078017
165.395833333333	0.605098335660045
165.416666666667	0.605016630462985
165.437500000000	0.604934962496559
165.458333333333	0.604853331770472
165.479166666667	0.604771738294422
165.500000000000	0.604690182078089
165.520833333333	0.604608663131145
165.541666666667	0.604527181463246
165.562500000000	0.604445737084036
165.583333333333	0.604364330003147
165.604166666667	0.604282960230198
165.625000000000	0.604201627774794
165.645833333333	0.604120332646528
165.666666666667	0.604039074854980
165.687500000000	0.603957854409716
165.708333333333	0.603876671320291
165.729166666667	0.603795525596245
165.750000000000	0.603714417247104
165.770833333333	0.603633346282384
165.791666666667	0.603552312711585
165.812500000000	0.603471316544194
165.833333333333	0.603390357789686
165.854166666667	0.603309436457520
165.875000000000	0.603228552557145
165.895833333333	0.603147706097994
165.916666666667	0.603066897089488
165.937500000000	0.602986125541031
165.958333333333	0.602905391462019
165.979166666667	0.602824694861830
166.000000000000	0.602744035749828
166.020833333333	0.602663414135367
166.041666666667	0.602582830027783
166.062500000000	0.602502283436401
166.083333333333	0.602421774370531
166.104166666667	0.602341302839469
166.125000000000	0.602260868852496
166.145833333333	0.602180472418882
166.166666666667	0.602100113547880
166.187500000000	0.602019792248729
166.208333333333	0.601939508530656
166.229166666667	0.601859262402871
166.250000000000	0.601779053874573
166.270833333333	0.601698882954943
166.291666666667	0.601618749653149
166.312500000000	0.601538653978347
166.333333333333	0.601458595939676
166.354166666667	0.601378575546260
166.375000000000	0.601298592807210
166.395833333333	0.601218647731622
166.416666666667	0.601138740328579
166.437500000000	0.601058870607145
166.458333333333	0.600979038576373
166.479166666667	0.600899244245300
166.500000000000	0.600819487622949
166.520833333333	0.600739768718327
166.541666666667	0.600660087540428
166.562500000000	0.600580444098227
166.583333333333	0.600500838400689
166.604166666667	0.600421270456762
166.625000000000	0.600341740275377
166.645833333333	0.600262247865453
166.666666666667	0.600182793235891
166.687500000000	0.600103376395580
166.708333333333	0.600023997353391
166.729166666667	0.599944656118182
166.750000000000	0.599865352698792
166.770833333333	0.599786087104050
166.791666666667	0.599706859342765
166.812500000000	0.599627669423733
166.833333333333	0.599548517355734
166.854166666667	0.599469403147532
166.875000000000	0.599390326807875
166.895833333333	0.599311288345497
166.916666666667	0.599232287769116
166.937500000000	0.599153325087433
166.958333333333	0.599074400309134
166.979166666667	0.598995513442890
167.000000000000	0.598916664497356
167.020833333333	0.598837853481169
167.041666666667	0.598759080402954
167.062500000000	0.598680345271316
167.083333333333	0.598601648094846
167.104166666667	0.598522988882121
167.125000000000	0.598444367641698
167.145833333333	0.598365784382120
167.166666666667	0.598287239111914
167.187500000000	0.598208731839590
167.208333333333	0.598130262573643
167.229166666667	0.598051831322551
167.250000000000	0.597973438094775
167.270833333333	0.597895082898761
167.291666666667	0.597816765742938
167.312500000000	0.597738486635718
167.333333333333	0.597660245585498
167.354166666667	0.597582042600658
167.375000000000	0.597503877689560
167.395833333333	0.597425750860551
167.416666666667	0.597347662121961
167.437500000000	0.597269611482104
167.458333333333	0.597191598949276
167.479166666667	0.597113624531758
167.500000000000	0.597035688237811
167.520833333333	0.596957790075684
167.541666666667	0.596879930053605
167.562500000000	0.596802108179786
167.583333333333	0.596724324462425
167.604166666667	0.596646578909700
167.625000000000	0.596568871529771
167.645833333333	0.596491202330785
167.666666666667	0.596413571320869
167.687500000000	0.596335978508134
167.708333333333	0.596258423900673
167.729166666667	0.596180907506563
167.750000000000	0.596103429333862
167.770833333333	0.596025989390613
167.791666666667	0.595948587684839
167.812500000000	0.595871224224549
167.833333333333	0.595793899017732
167.854166666667	0.595716612072361
167.875000000000	0.595639363396390
167.895833333333	0.595562152997757
167.916666666667	0.595484980884383
167.937500000000	0.595407847064169
167.958333333333	0.595330751545001
167.979166666667	0.595253694334746
168.000000000000	0.595176675441253
168.020833333333	0.595099694872354
168.041666666667	0.595022752635864
168.062500000000	0.594945848739579
168.083333333333	0.594868983191277
168.104166666667	0.594792155998720
168.125000000000	0.594715367169650
168.145833333333	0.594638616711792
168.166666666667	0.594561904632853
168.187500000000	0.594485230940523
168.208333333333	0.594408595642472
168.229166666667	0.594331998746353
168.250000000000	0.594255440259801
168.270833333333	0.594178920190433
168.291666666667	0.594102438545848
168.312500000000	0.594025995333625
168.333333333333	0.593949590561327
168.354166666667	0.593873224236498
168.375000000000	0.593796896366664
168.395833333333	0.593720606959331
168.416666666667	0.593644356021990
168.437500000000	0.593568143562108
168.458333333333	0.593491969587141
168.479166666667	0.593415834104520
168.500000000000	0.593339737121661
168.520833333333	0.593263678645959
168.541666666667	0.593187658684795
168.562500000000	0.593111677245526
168.583333333333	0.593035734335493
168.604166666667	0.592959829962019
168.625000000000	0.592883964132406
168.645833333333	0.592808136853939
168.666666666667	0.592732348133884
168.687500000000	0.592656597979488
168.708333333333	0.592580886397979
168.729166666667	0.592505213396566
168.750000000000	0.592429578982440
168.770833333333	0.592353983162772
168.791666666667	0.592278425944714
168.812500000000	0.592202907335400
168.833333333333	0.592127427341944
168.854166666667	0.592051985971441
168.875000000000	0.591976583230969
168.895833333333	0.591901219127582
168.916666666667	0.591825893668320
168.937500000000	0.591750606860202
168.958333333333	0.591675358710225
168.979166666667	0.591600149225372
169.000000000000	0.591524978412602
169.020833333333	0.591449846278857
169.041666666667	0.591374752831060
169.062500000000	0.591299698076112
169.083333333333	0.591224682020897
169.104166666667	0.591149704672280
169.125000000000	0.591074766037104
169.145833333333	0.590999866122194
169.166666666667	0.590925004934356
169.187500000000	0.590850182480376
169.208333333333	0.590775398767019
169.229166666667	0.590700653801031
169.250000000000	0.590625947589140
169.270833333333	0.590551280138053
169.291666666667	0.590476651454457
169.312500000000	0.590402061545020
169.333333333333	0.590327510416388
169.354166666667	0.590252998075191
169.375000000000	0.590178524528037
169.395833333333	0.590104089781512
169.416666666667	0.590029693842187
169.437500000000	0.589955336716607
169.458333333333	0.589881018411304
169.479166666667	0.589806738932784
169.500000000000	0.589732498287535
169.520833333333	0.589658296482027
169.541666666667	0.589584133522706
169.562500000000	0.589510009416002
169.583333333333	0.589435924168321
169.604166666667	0.589361877786052
169.625000000000	0.589287870275561
169.645833333333	0.589213901643196
169.666666666667	0.589139971895284
169.687500000000	0.589066081038131
169.708333333333	0.588992229078023
169.729166666667	0.588918416021227
169.750000000000	0.588844641873988
169.770833333333	0.588770906642530
169.791666666667	0.588697210333059
169.812500000000	0.588623552951759
169.833333333333	0.588549934504792
169.854166666667	0.588476354998303
169.875000000000	0.588402814438414
169.895833333333	0.588329312831226
169.916666666667	0.588255850182821
169.937500000000	0.588182426499260
169.958333333333	0.588109041786583
169.979166666667	0.588035696050808
170.000000000000	0.587962389297935
170.020833333333	0.587889121533941
170.041666666667	0.587815892764784
170.062500000000	0.587742702996399
170.083333333333	0.587669552234702
170.104166666667	0.587596440485588
170.125000000000	0.587523367754930
170.145833333333	0.587450334048580
170.166666666667	0.587377339372371
170.187500000000	0.587304383732113
170.208333333333	0.587231467133597
170.229166666667	0.587158589582590
170.250000000000	0.587085751084842
170.270833333333	0.587012951646077
170.291666666667	0.586940191272002
170.312500000000	0.586867469968301
170.333333333333	0.586794787740638
170.354166666667	0.586722144594655
170.375000000000	0.586649540535971
170.395833333333	0.586576975570188
170.416666666667	0.586504449702883
170.437500000000	0.586431962939614
170.458333333333	0.586359515285916
170.479166666667	0.586287106747304
170.500000000000	0.586214737329270
170.520833333333	0.586142407037288
170.541666666667	0.586070115876806
170.562500000000	0.585997863853253
170.583333333333	0.585925650972038
170.604166666667	0.585853477238546
170.625000000000	0.585781342658141
170.645833333333	0.585709247236166
170.666666666667	0.585637190977944
170.687500000000	0.585565173888772
170.708333333333	0.585493195973929
170.729166666667	0.585421257238673
170.750000000000	0.585349357688237
170.770833333333	0.585277497327835
170.791666666667	0.585205676162658
170.812500000000	0.585133894197876
170.833333333333	0.585062151438637
170.854166666667	0.584990447890068
170.875000000000	0.584918783557272
170.895833333333	0.584847158445332
170.916666666667	0.584775572559309
170.937500000000	0.584704025904241
170.958333333333	0.584632518485146
170.979166666667	0.584561050307019
171.000000000000	0.584489621374832
171.020833333333	0.584418231693538
171.041666666667	0.584346881268064
171.062500000000	0.584275570103319
171.083333333333	0.584204298204187
171.104166666667	0.584133065575531
171.125000000000	0.584061872222193
171.145833333333	0.583990718148991
171.166666666667	0.583919603360721
171.187500000000	0.583848527862160
171.208333333333	0.583777491658058
171.229166666667	0.583706494753147
171.250000000000	0.583635537152134
171.270833333333	0.583564618859706
171.291666666667	0.583493739880526
171.312500000000	0.583422900219235
171.333333333333	0.583352099880451
171.354166666667	0.583281338868773
171.375000000000	0.583210617188774
171.395833333333	0.583139934845006
171.416666666667	0.583069291842000
171.437500000000	0.582998688184261
171.458333333333	0.582928123876275
171.479166666667	0.582857598922504
171.500000000000	0.582787113327389
171.520833333333	0.582716667095346
171.541666666667	0.582646260230770
171.562500000000	0.582575892738034
171.583333333333	0.582505564621488
171.604166666667	0.582435275885459
171.625000000000	0.582365026534251
171.645833333333	0.582294816572147
171.666666666667	0.582224646003406
171.687500000000	0.582154514832264
171.708333333333	0.582084423062937
171.729166666667	0.582014370699615
171.750000000000	0.581944357746467
171.770833333333	0.581874384207639
171.791666666667	0.581804450087255
171.812500000000	0.581734555389414
171.833333333333	0.581664700118195
171.854166666667	0.581594884277652
171.875000000000	0.581525107871818
171.895833333333	0.581455370904702
171.916666666667	0.581385673380289
171.937500000000	0.581316015302545
171.958333333333	0.581246396675408
171.979166666667	0.581176817502797
172.000000000000	0.581107277788607
172.020833333333	0.581037777536709
172.041666666667	0.580968316750952
172.062500000000	0.580898895435162
172.083333333333	0.580829513593141
172.104166666667	0.580760171228671
172.125000000000	0.580690868345506
172.145833333333	0.580621604947381
172.166666666667	0.580552381038007
172.187500000000	0.580483196621071
172.208333333333	0.580414051700237
172.229166666667	0.580344946279146
172.250000000000	0.580275880361417
172.270833333333	0.580206853950644
172.291666666667	0.580137867050400
172.312500000000	0.580068919664232
172.333333333333	0.580000011795666
172.354166666667	0.579931143448204
172.375000000000	0.579862314625325
172.395833333333	0.579793525330484
172.416666666667	0.579724775567114
172.437500000000	0.579656065338623
172.458333333333	0.579587394648397
172.479166666667	0.579518763499798
172.500000000000	0.579450171896165
172.520833333333	0.579381619840814
172.541666666667	0.579313107337037
172.562500000000	0.579244634388102
172.583333333333	0.579176200997255
172.604166666667	0.579107807167717
172.625000000000	0.579039452902688
172.645833333333	0.578971138205341
172.666666666667	0.578902863078829
172.687500000000	0.578834627526280
172.708333333333	0.578766431550797
172.729166666667	0.578698275155462
172.750000000000	0.578630158343332
172.770833333333	0.578562081117441
172.791666666667	0.578494043480799
172.812500000000	0.578426045436393
172.833333333333	0.578358086987185
172.854166666667	0.578290168136116
172.875000000000	0.578222288886100
172.895833333333	0.578154449240031
172.916666666667	0.578086649200776
172.937500000000	0.578018888771180
172.958333333333	0.577951167954064
172.979166666667	0.577883486752226
173.000000000000	0.577815845168440
173.020833333333	0.577748243205454
173.041666666667	0.577680680865996
173.062500000000	0.577613158152767
173.083333333333	0.577545675068446
173.104166666667	0.577478231615689
173.125000000000	0.577410827797125
173.145833333333	0.577343463615363
173.166666666667	0.577276139072985
173.187500000000	0.577208854172551
173.208333333333	0.577141608916597
173.229166666667	0.577074403307634
173.250000000000	0.577007237348150
173.270833333333	0.576940111040609
173.291666666667	0.576873024387452
173.312500000000	0.576805977391093
173.333333333333	0.576738970053926
173.354166666667	0.576672002378319
173.375000000000	0.576605074366615
173.395833333333	0.576538186021136
173.416666666667	0.576471337344177
173.437500000000	0.576404528338011
173.458333333333	0.576337759004885
173.479166666667	0.576271029347025
173.500000000000	0.576204339366631
173.520833333333	0.576137689065877
173.541666666667	0.576071078446918
173.562500000000	0.576004507511879
173.583333333333	0.575937976262866
173.604166666667	0.575871484701959
173.625000000000	0.575805032831212
173.645833333333	0.575738620652658
173.666666666667	0.575672248168303
173.687500000000	0.575605915380132
173.708333333333	0.575539622290104
173.729166666667	0.575473368900152
173.750000000000	0.575407155212189
173.770833333333	0.575340981228100
173.791666666667	0.575274846949749
173.812500000000	0.575208752378972
173.833333333333	0.575142697517585
173.854166666667	0.575076682367377
173.875000000000	0.575010706930113
173.895833333333	0.574944771207534
173.916666666667	0.574878875201358
173.937500000000	0.574813018913278
173.958333333333	0.574747202344961
173.979166666667	0.574681425498052
174.000000000000	0.574615688374171
174.020833333333	0.574549990974912
174.041666666667	0.574484333301848
174.062500000000	0.574418715356524
174.083333333333	0.574353137140464
174.104166666667	0.574287598655165
174.125000000000	0.574222099902102
174.145833333333	0.574156640882724
174.166666666667	0.574091221598455
174.187500000000	0.574025842050697
174.208333333333	0.573960502240825
174.229166666667	0.573895202170191
174.250000000000	0.573829941840123
174.270833333333	0.573764721251924
174.291666666667	0.573699540406871
174.312500000000	0.573634399306220
174.333333333333	0.573569297951200
174.354166666667	0.573504236343015
174.375000000000	0.573439214482847
174.395833333333	0.573374232371852
174.416666666667	0.573309290011162
174.437500000000	0.573244387401883
174.458333333333	0.573179524545098
174.479166666667	0.573114701441867
174.500000000000	0.573049918093221
174.520833333333	0.572985174500171
174.541666666667	0.572920470663700
174.562500000000	0.572855806584770
174.583333333333	0.572791182264315
174.604166666667	0.572726597703247
174.625000000000	0.572662052902452
174.645833333333	0.572597547862791
174.666666666667	0.572533082585102
174.687500000000	0.572468657070198
174.708333333333	0.572404271318866
174.729166666667	0.572339925331871
174.750000000000	0.572275619109950
174.770833333333	0.572211352653819
174.791666666667	0.572147125964166
174.812500000000	0.572082939041656
174.833333333333	0.572018791886931
174.854166666667	0.571954684500605
174.875000000000	0.571890616883270
174.895833333333	0.571826589035492
174.916666666667	0.571762600957812
174.937500000000	0.571698652650748
174.958333333333	0.571634744114793
174.979166666667	0.571570875350414
175.000000000000	0.571507046358053
175.020833333333	0.571443257138129
175.041666666667	0.571379507691036
175.062500000000	0.571315798017143
175.083333333333	0.571252128116794
175.104166666667	0.571188497990308
175.125000000000	0.571124907637980
175.145833333333	0.571061357060080
175.166666666667	0.570997846256854
175.187500000000	0.570934375228522
175.208333333333	0.570870943975280
175.229166666667	0.570807552497299
175.250000000000	0.570744200794725
175.270833333333	0.570680888867680
175.291666666667	0.570617616716261
175.312500000000	0.570554384340539
175.333333333333	0.570491191740563
175.354166666667	0.570428038916354
175.375000000000	0.570364925867910
175.395833333333	0.570301852595205
175.416666666667	0.570238819098186
175.437500000000	0.570175825376778
175.458333333333	0.570112871430877
175.479166666667	0.570049957260359
175.500000000000	0.569987082865071
175.520833333333	0.569924248244839
175.541666666667	0.569861453399462
175.562500000000	0.569798698328714
175.583333333333	0.569735983032346
175.604166666667	0.569673307510080
175.625000000000	0.569610671761619
175.645833333333	0.569548075786637
175.666666666667	0.569485519584785
175.687500000000	0.569423003155688
175.708333333333	0.569360526498947
175.729166666667	0.569298089614138
175.750000000000	0.569235692500811
175.770833333333	0.569173335158494
175.791666666667	0.569111017586688
175.812500000000	0.569048739784868
175.833333333333	0.568986501752487
175.854166666667	0.568924303488972
175.875000000000	0.568862144993725
175.895833333333	0.568800026266121
175.916666666667	0.568737947305515
175.937500000000	0.568675908111233
175.958333333333	0.568613908682578
175.979166666667	0.568551949018827
176.000000000000	0.568490029119233
176.020833333333	0.568428148983023
176.041666666667	0.568366308609402
176.062500000000	0.568304507997547
176.083333333333	0.568242747146610
176.104166666667	0.568181026055722
176.125000000000	0.568119344723985
176.145833333333	0.568057703150477
176.166666666667	0.567996101334253
176.187500000000	0.567934539274341
176.208333333333	0.567873016969745
176.229166666667	0.567811534419444
176.250000000000	0.567750091622393
176.270833333333	0.567688688577521
176.291666666667	0.567627325283731
176.312500000000	0.567566001739904
176.333333333333	0.567504717944894
176.354166666667	0.567443473897531
176.375000000000	0.567382269596620
176.395833333333	0.567321105040940
176.416666666667	0.567259980229247
176.437500000000	0.567198895160271
176.458333333333	0.567137849832716
176.479166666667	0.567076844245264
176.500000000000	0.567015878396570
176.520833333333	0.566954952285264
176.541666666667	0.566894065909951
176.562500000000	0.566833219269214
176.583333333333	0.566772412361607
176.604166666667	0.566711645185662
176.625000000000	0.566650917739885
176.645833333333	0.566590230022756
176.666666666667	0.566529582032732
176.687500000000	0.566468973768245
176.708333333333	0.566408405227701
176.729166666667	0.566347876409482
176.750000000000	0.566287387311945
176.770833333333	0.566226937933420
176.791666666667	0.566166528272216
176.812500000000	0.566106158326615
176.833333333333	0.566045828094873
176.854166666667	0.565985537575223
176.875000000000	0.565925286765872
176.895833333333	0.565865075665003
176.916666666667	0.565804904270774
176.937500000000	0.565744772581317
176.958333333333	0.565684680594740
176.979166666667	0.565624628309127
177.000000000000	0.565564615722536
177.020833333333	0.565504642832999
177.041666666667	0.565444709638526
177.062500000000	0.565384816137099
177.083333333333	0.565324962326679
177.104166666667	0.565265148205197
177.125000000000	0.565205373770565
177.145833333333	0.565145639020665
177.166666666667	0.565085943953357
177.187500000000	0.565026288566475
177.208333333333	0.564966672857829
177.229166666667	0.564907096825204
177.250000000000	0.564847560466360
177.270833333333	0.564788063779032
177.291666666667	0.564728606760930
177.312500000000	0.564669189409739
177.333333333333	0.564609811723120
177.354166666667	0.564550473698709
177.375000000000	0.564491175334116
177.395833333333	0.564431916626928
177.416666666667	0.564372697574706
177.437500000000	0.564313518174987
177.458333333333	0.564254378425282
177.479166666667	0.564195278323078
177.500000000000	0.564136217865836
177.520833333333	0.564077197050995
177.541666666667	0.564018215875968
177.562500000000	0.563959274338140
177.583333333333	0.563900372434876
177.604166666667	0.563841510163513
177.625000000000	0.563782687521365
177.645833333333	0.563723904505721
177.666666666667	0.563665161113843
177.687500000000	0.563606457342971
177.708333333333	0.563547793190320
177.729166666667	0.563489168653078
177.750000000000	0.563430583728412
177.770833333333	0.563372038413459
177.791666666667	0.563313532705337
177.812500000000	0.563255066601135
177.833333333333	0.563196640097918
177.854166666667	0.563138253192729
177.875000000000	0.563079905882584
177.895833333333	0.563021598164473
177.916666666667	0.562963330035365
177.937500000000	0.562905101492201
177.958333333333	0.562846912531898
177.979166666667	0.562788763151350
178.000000000000	0.562730653347424
178.020833333333	0.562672583116964
178.041666666667	0.562614552456789
178.062500000000	0.562556561363693
178.083333333333	0.562498609834445
178.104166666667	0.562440697865790
178.125000000000	0.562382825454448
178.145833333333	0.562324992597114
178.166666666667	0.562267199290459
178.187500000000	0.562209445531130
178.208333333333	0.562151731315748
178.229166666667	0.562094056640909
178.250000000000	0.562036421503186
178.270833333333	0.561978825899128
178.291666666667	0.561921269825255
178.312500000000	0.561863753278068
178.333333333333	0.561806276254040
178.354166666667	0.561748838749620
178.375000000000	0.561691440761233
178.395833333333	0.561634082285279
178.416666666667	0.561576763318135
178.437500000000	0.561519483856149
178.458333333333	0.561462243895650
178.479166666667	0.561405043432939
178.500000000000	0.561347882464293
178.520833333333	0.561290760985966
178.541666666667	0.561233678994185
178.562500000000	0.561176636485154
178.583333333333	0.561119633455053
178.604166666667	0.561062669900037
178.625000000000	0.561005745816235
178.645833333333	0.560948861199754
178.666666666667	0.560892016046675
178.687500000000	0.560835210353055
178.708333333333	0.560778444114925
178.729166666667	0.560721717328296
178.750000000000	0.560665029989148
178.770833333333	0.560608382093443
178.791666666667	0.560551773637114
178.812500000000	0.560495204616072
178.833333333333	0.560438675026202
178.854166666667	0.560382184863367
178.875000000000	0.560325734123402
178.895833333333	0.560269322802121
178.916666666667	0.560212950895312
178.937500000000	0.560156618398739
178.958333333333	0.560100325308141
178.979166666667	0.560044071619234
179.000000000000	0.559987857327708
179.020833333333	0.559931682429230
179.041666666667	0.559875546919442
179.062500000000	0.559819450793963
179.083333333333	0.559763394048385
179.104166666667	0.559707376678278
179.125000000000	0.559651398679187
179.145833333333	0.559595460046632
179.166666666667	0.559539560776111
179.187500000000	0.559483700863095
179.208333333333	0.559427880303032
179.229166666667	0.559372099091346
179.250000000000	0.559316357223437
179.270833333333	0.559260654694679
179.291666666667	0.559204991500424
179.312500000000	0.559149367635999
179.333333333333	0.559093783096707
179.354166666667	0.559038237877824
179.375000000000	0.558982731974608
179.395833333333	0.558927265382286
179.416666666667	0.558871838096066
179.437500000000	0.558816450111129
179.458333333333	0.558761101422633
179.479166666667	0.558705792025712
179.500000000000	0.558650521915475
179.520833333333	0.558595291087008
179.541666666667	0.558540099535371
179.562500000000	0.558484947255603
179.583333333333	0.558429834242716
179.604166666667	0.558374760491701
179.625000000000	0.558319725997520
179.645833333333	0.558264730755117
179.666666666667	0.558209774759407
179.687500000000	0.558154858005285
179.708333333333	0.558099980487619
179.729166666667	0.558045142201254
179.750000000000	0.557990343141012
179.770833333333	0.557935583301689
179.791666666667	0.557880862678058
179.812500000000	0.557826181264870
179.833333333333	0.557771539056849
179.854166666667	0.557716936048697
179.875000000000	0.557662372235091
179.895833333333	0.557607847610685
179.916666666667	0.557553362170109
179.937500000000	0.557498915907968
179.958333333333	0.557444508818845
179.979166666667	0.557390140897298
180.000000000000	0.557335812137861
180.020833333333	0.557281522535045
180.041666666667	0.557227272083336
180.062500000000	0.557173060777197
180.083333333333	0.557118888611068
180.104166666667	0.557064755579364
180.125000000000	0.557010661676476
180.145833333333	0.556956606896773
180.166666666667	0.556902591234599
180.187500000000	0.556848614684273
180.208333333333	0.556794677240093
180.229166666667	0.556740778896333
180.250000000000	0.556686919647239
180.270833333333	0.556633099487041
180.291666666667	0.556579318409937
180.312500000000	0.556525576410108
180.333333333333	0.556471873481708
180.354166666667	0.556418209618869
180.375000000000	0.556364584815697
180.395833333333	0.556310999066276
180.416666666667	0.556257452364668
180.437500000000	0.556203944704909
180.458333333333	0.556150476081012
180.479166666667	0.556097046486967
180.500000000000	0.556043655916740
180.520833333333	0.555990304364273
180.541666666667	0.555936991823487
180.562500000000	0.555883718288277
180.583333333333	0.555830483752515
180.604166666667	0.555777288210050
180.625000000000	0.555724131654708
180.645833333333	0.555671014080290
180.666666666667	0.555617935480574
180.687500000000	0.555564895849317
180.708333333333	0.555511895180250
180.729166666667	0.555458933467081
180.750000000000	0.555406010703496
180.770833333333	0.555353126883156
180.791666666667	0.555300281999699
180.812500000000	0.555247476046741
180.833333333333	0.555194709017874
180.854166666667	0.555141980906666
180.875000000000	0.555089291706663
180.895833333333	0.555036641411385
180.916666666667	0.554984030014333
180.937500000000	0.554931457508982
180.958333333333	0.554878923888784
180.979166666667	0.554826429147169
181.000000000000	0.554773973277542
181.020833333333	0.554721556273287
181.041666666667	0.554669178127762
181.062500000000	0.554616838834306
181.083333333333	0.554564538386230
181.104166666667	0.554512276776826
181.125000000000	0.554460053999361
181.145833333333	0.554407870047079
181.166666666667	0.554355724913202
181.187500000000	0.554303618590927
181.208333333333	0.554251551073430
181.229166666667	0.554199522353862
181.250000000000	0.554147532425354
181.270833333333	0.554095581281011
181.291666666667	0.554043668913917
181.312500000000	0.553991795317131
181.333333333333	0.553939960483691
181.354166666667	0.553888164406612
181.375000000000	0.553836407078886
181.395833333333	0.553784688493480
181.416666666667	0.553733008643341
181.437500000000	0.553681367521393
181.458333333333	0.553629765120534
181.479166666667	0.553578201433643
181.500000000000	0.553526676453574
181.520833333333	0.553475190173159
181.541666666667	0.553423742585207
181.562500000000	0.553372333682504
181.583333333333	0.553320963457815
181.604166666667	0.553269631903879
181.625000000000	0.553218339013416
181.645833333333	0.553167084779120
181.666666666667	0.553115869193665
181.687500000000	0.553064692249701
181.708333333333	0.553013553939855
181.729166666667	0.552962454256733
181.750000000000	0.552911393192916
181.770833333333	0.552860370740966
181.791666666667	0.552809386893419
181.812500000000	0.552758441642790
181.833333333333	0.552707534981571
181.854166666667	0.552656666902232
181.875000000000	0.552605837397221
181.895833333333	0.552555046458962
181.916666666667	0.552504294079857
181.937500000000	0.552453580252287
181.958333333333	0.552402904968609
181.979166666667	0.552352268221159
182.000000000000	0.552301670002248
182.020833333333	0.552251110304168
182.041666666667	0.552200589119186
182.062500000000	0.552150106439549
182.083333333333	0.552099662257480
182.104166666667	0.552049256565179
182.125000000000	0.551998889354827
182.145833333333	0.551948560618579
182.166666666667	0.551898270348571
182.187500000000	0.551848018536913
182.208333333333	0.551797805175697
182.229166666667	0.551747630256990
182.250000000000	0.551697493772838
182.270833333333	0.551647395715265
182.291666666667	0.551597336076271
182.312500000000	0.551547314847837
182.333333333333	0.551497332021919
182.354166666667	0.551447387590454
182.375000000000	0.551397481545353
182.395833333333	0.551347613878509
182.416666666667	0.551297784581789
182.437500000000	0.551247993647043
182.458333333333	0.551198241066094
182.479166666667	0.551148526830746
182.500000000000	0.551098850932781
182.520833333333	0.551049213363957
182.541666666667	0.550999614116012
182.562500000000	0.550950053180663
182.583333333333	0.550900530549602
182.604166666667	0.550851046214502
182.625000000000	0.550801600167013
182.645833333333	0.550752192398764
182.666666666667	0.550702822901360
182.687500000000	0.550653491666387
182.708333333333	0.550604198685408
182.729166666667	0.550554943949965
182.750000000000	0.550505727451577
182.770833333333	0.550456549181742
182.791666666667	0.550407409131937
182.812500000000	0.550358307293616
182.833333333333	0.550309243658212
182.854166666667	0.550260218217138
182.875000000000	0.550211230961783
182.895833333333	0.550162281883516
182.916666666667	0.550113370973683
182.937500000000	0.550064498223610
182.958333333333	0.550015663624600
182.979166666667	0.549966867167938
183.000000000000	0.549918108844882
183.020833333333	0.549869388646674
183.041666666667	0.549820706564530
183.062500000000	0.549772062589649
183.083333333333	0.549723456713204
183.104166666667	0.549674888926352
183.125000000000	0.549626359220223
183.145833333333	0.549577867585929
183.166666666667	0.549529414014562
183.187500000000	0.549480998497189
183.208333333333	0.549432621024858
183.229166666667	0.549384281588596
183.250000000000	0.549335980179407
183.270833333333	0.549287716788277
183.291666666667	0.549239491406168
183.312500000000	0.549191304024021
183.333333333333	0.549143154632758
183.354166666667	0.549095043223277
183.375000000000	0.549046969786457
183.395833333333	0.548998934313156
183.416666666667	0.548950936794211
183.437500000000	0.548902977220436
183.458333333333	0.548855055582626
183.479166666667	0.548807171871555
183.500000000000	0.548759326077974
183.520833333333	0.548711518192616
183.541666666667	0.548663748206191
183.562500000000	0.548616016109389
183.583333333333	0.548568321892879
183.604166666667	0.548520665547309
183.625000000000	0.548473047063307
183.645833333333	0.548425466431478
183.666666666667	0.548377923642409
183.687500000000	0.548330418686665
183.708333333333	0.548282951554790
183.729166666667	0.548235522237307
183.750000000000	0.548188130724720
183.770833333333	0.548140777007511
183.791666666667	0.548093461076140
183.812500000000	0.548046182921051
183.833333333333	0.547998942532662
183.854166666667	0.547951739901373
183.875000000000	0.547904575017565
183.895833333333	0.547857447871595
183.916666666667	0.547810358453802
183.937500000000	0.547763306754504
183.958333333333	0.547716292763998
183.979166666667	0.547669316472561
184.000000000000	0.547622377870450
184.020833333333	0.547575476947901
184.041666666667	0.547528613695129
184.062500000000	0.547481788102330
184.083333333333	0.547435000159678
184.104166666667	0.547388249857331
184.125000000000	0.547341537185420
184.145833333333	0.547294862134061
184.166666666667	0.547248224693348
184.187500000000	0.547201624853354
184.208333333333	0.547155062604134
184.229166666667	0.547108537935721
184.250000000000	0.547062050838128
184.270833333333	0.547015601301349
184.291666666667	0.546969189315357
184.312500000000	0.546922814870105
184.333333333333	0.546876477955525
184.354166666667	0.546830178561533
184.375000000000	0.546783916678019
184.395833333333	0.546737692294858
184.416666666667	0.546691505401903
184.437500000000	0.546645355988987
184.458333333333	0.546599244045923
184.479166666667	0.546553169562506
184.500000000000	0.546507132528508
184.520833333333	0.546461132933683
184.541666666667	0.546415170767766
184.562500000000	0.546369246020471
184.583333333333	0.546323358681493
184.604166666667	0.546277508740505
184.625000000000	0.546231696187164
184.645833333333	0.546185921011104
184.666666666667	0.546140183201942
184.687500000000	0.546094482749274
184.708333333333	0.546048819642675
184.729166666667	0.546003193871704
184.750000000000	0.545957605425897
184.770833333333	0.545912054294772
184.791666666667	0.545866540467828
184.812500000000	0.545821063934543
184.833333333333	0.545775624684377
184.854166666667	0.545730222706770
184.875000000000	0.545684857991143
184.895833333333	0.545639530526895
184.916666666667	0.545594240303411
184.937500000000	0.545548987310051
184.958333333333	0.545503771536158
184.979166666667	0.545458592971058
185.000000000000	0.545413451604053
185.020833333333	0.545368347424431
185.041666666667	0.545323280421457
185.062500000000	0.545278250584377
185.083333333333	0.545233257902420
185.104166666667	0.545188302364794
185.125000000000	0.545143383960689
185.145833333333	0.545098502679275
185.166666666667	0.545053658509704
185.187500000000	0.545008851441107
185.208333333333	0.544964081462599
185.229166666667	0.544919348563274
185.250000000000	0.544874652732207
185.270833333333	0.544829993958455
185.291666666667	0.544785372231054
185.312500000000	0.544740787539025
185.333333333333	0.544696239871365
185.354166666667	0.544651729217058
185.375000000000	0.544607255565064
185.395833333333	0.544562818904327
185.416666666667	0.544518419223771
185.437500000000	0.544474056512303
185.458333333333	0.544429730758810
185.479166666667	0.544385441952160
185.500000000000	0.544341190081203
185.520833333333	0.544296975134770
185.541666666667	0.544252797101675
185.562500000000	0.544208655970710
185.583333333333	0.544164551730651
185.604166666667	0.544120484370256
185.625000000000	0.544076453878263
185.645833333333	0.544032460243391
185.666666666667	0.543988503454342
185.687500000000	0.543944583499800
185.708333333333	0.543900700368429
185.729166666667	0.543856854048876
185.750000000000	0.543813044529767
185.770833333333	0.543769271799714
185.791666666667	0.543725535847308
185.812500000000	0.543681836661120
185.833333333333	0.543638174229708
185.854166666667	0.543594548541607
185.875000000000	0.543550959585336
185.895833333333	0.543507407349394
185.916666666667	0.543463891822265
185.937500000000	0.543420412992412
185.958333333333	0.543376970848282
185.979166666667	0.543333565378301
186.000000000000	0.543290196570881
186.020833333333	0.543246864414414
186.041666666667	0.543203568897272
186.062500000000	0.543160310007813
186.083333333333	0.543117087734375
186.104166666667	0.543073902065276
186.125000000000	0.543030752988821
186.145833333333	0.542987640493293
186.166666666667	0.542944564566959
186.187500000000	0.542901525198068
186.208333333333	0.542858522374852
186.229166666667	0.542815556085523
186.250000000000	0.542772626318277
186.270833333333	0.542729733061293
186.291666666667	0.542686876302730
186.312500000000	0.542644056030733
186.333333333333	0.542601272233425
186.354166666667	0.542558524898914
186.375000000000	0.542515814015291
186.395833333333	0.542473139570628
186.416666666667	0.542430501552980
186.437500000000	0.542387899950384
186.458333333333	0.542345334750862
186.479166666667	0.542302805942415
186.500000000000	0.542260313513030
186.520833333333	0.542217857450673
186.541666666667	0.542175437743297
186.562500000000	0.542133054378834
186.583333333333	0.542090707345200
186.604166666667	0.542048396630294
186.625000000000	0.542006122222000
186.645833333333	0.541963884108179
186.666666666667	0.541921682276682
186.687500000000	0.541879516715336
186.708333333333	0.541837387411956
186.729166666667	0.541795294354337
186.750000000000	0.541753237530260
186.770833333333	0.541711216927485
186.791666666667	0.541669232533758
186.812500000000	0.541627284336807
186.833333333333	0.541585372324342
186.854166666667	0.541543496484059
186.875000000000	0.541501656803635
186.895833333333	0.541459853270730
186.916666666667	0.541418085872988
186.937500000000	0.541376354598035
186.958333333333	0.541334659433483
186.979166666667	0.541293000366924
187.000000000000	0.541251377385935
187.020833333333	0.541209790478076
187.041666666667	0.541168239630890
187.062500000000	0.541126724831904
187.083333333333	0.541085246068629
187.104166666667	0.541043803328558
187.125000000000	0.541002396599168
187.145833333333	0.540961025867919
187.166666666667	0.540919691122255
187.187500000000	0.540878392349605
187.208333333333	0.540837129537379
187.229166666667	0.540795902672973
187.250000000000	0.540754711743764
187.270833333333	0.540713556737114
187.291666666667	0.540672437640370
187.312500000000	0.540631354440861
187.333333333333	0.540590307125899
187.354166666667	0.540549295682783
187.375000000000	0.540508320098793
187.395833333333	0.540467380361193
187.416666666667	0.540426476457232
187.437500000000	0.540385608374143
187.458333333333	0.540344776099142
187.479166666667	0.540303979619428
187.500000000000	0.540263218922187
187.520833333333	0.540222493994586
187.541666666667	0.540181804823779
187.562500000000	0.540141151396900
187.583333333333	0.540100533701071
187.604166666667	0.540059951723397
187.625000000000	0.540019405450965
187.645833333333	0.539978894870848
187.666666666667	0.539938419970105
187.687500000000	0.539897980735777
187.708333333333	0.539857577154887
187.729166666667	0.539817209214448
187.750000000000	0.539776876901453
187.770833333333	0.539736580202881
187.791666666667	0.539696319105693
187.812500000000	0.539656093596840
187.833333333333	0.539615903663250
187.854166666667	0.539575749291842
187.875000000000	0.539535630469516
187.895833333333	0.539495547183157
187.916666666667	0.539455499419636
187.937500000000	0.539415487165805
187.958333333333	0.539375510408506
187.979166666667	0.539335569134561
188.000000000000	0.539295663330779
188.020833333333	0.539255792983954
188.041666666667	0.539215958080862
188.062500000000	0.539176158608267
188.083333333333	0.539136394552916
188.104166666667	0.539096665901542
188.125000000000	0.539056972640861
188.145833333333	0.539017314757575
188.166666666667	0.538977692238372
188.187500000000	0.538938105069923
188.208333333333	0.538898553238885
188.229166666667	0.538859036731901
188.250000000000	0.538819555535596
188.270833333333	0.538780109636584
188.291666666667	0.538740699021459
188.312500000000	0.538701323676807
188.333333333333	0.538661983589192
188.354166666667	0.538622678745169
188.375000000000	0.538583409131274
188.395833333333	0.538544174734031
188.416666666667	0.538504975539947
188.437500000000	0.538465811535518
188.458333333333	0.538426682707220
188.479166666667	0.538387589041519
188.500000000000	0.538348530524864
188.520833333333	0.538309507143690
188.541666666667	0.538270518884418
188.562500000000	0.538231565733454
188.583333333333	0.538192647677189
188.604166666667	0.538153764702001
188.625000000000	0.538114916794251
188.645833333333	0.538076103940289
188.666666666667	0.538037326126447
188.687500000000	0.537998583339047
188.708333333333	0.537959875564392
188.729166666667	0.537921202788774
188.750000000000	0.537882564998469
188.770833333333	0.537843962179740
188.791666666667	0.537805394318836
188.812500000000	0.537766861401991
188.833333333333	0.537728363415424
188.854166666667	0.537689900345341
188.875000000000	0.537651472177935
188.895833333333	0.537613078899383
188.916666666667	0.537574720495849
188.937500000000	0.537536396953483
188.958333333333	0.537498108258422
188.979166666667	0.537459854396786
189.000000000000	0.537421635354684
189.020833333333	0.537383451118212
189.041666666667	0.537345301673448
189.062500000000	0.537307187006460
189.083333333333	0.537269107103300
189.104166666667	0.537231061950009
189.125000000000	0.537193051532611
189.145833333333	0.537155075837118
189.166666666667	0.537117134849529
189.187500000000	0.537079228555829
189.208333333333	0.537041356941988
189.229166666667	0.537003519993963
189.250000000000	0.536965717697700
189.270833333333	0.536927950039128
189.291666666667	0.536890217004164
189.312500000000	0.536852518578713
189.333333333333	0.536814854748665
189.354166666667	0.536777225499896
189.375000000000	0.536739630818270
189.395833333333	0.536702070689637
189.416666666667	0.536664545099835
189.437500000000	0.536627054034688
189.458333333333	0.536589597480005
189.479166666667	0.536552175421585
189.500000000000	0.536514787845212
189.520833333333	0.536477434736656
189.541666666667	0.536440116081677
189.562500000000	0.536402831866018
189.583333333333	0.536365582075414
189.604166666667	0.536328366695581
189.625000000000	0.536291185712227
189.645833333333	0.536254039111045
189.666666666667	0.536216926877715
189.687500000000	0.536179848997905
189.708333333333	0.536142805457269
189.729166666667	0.536105796241449
189.750000000000	0.536068821336074
189.770833333333	0.536031880726761
189.791666666667	0.535994974399113
189.812500000000	0.535958102338721
189.833333333333	0.535921264531164
189.854166666667	0.535884460962007
189.875000000000	0.535847691616803
189.895833333333	0.535810956481093
189.916666666667	0.535774255540406
189.937500000000	0.535737588780257
189.958333333333	0.535700956186148
189.979166666667	0.535664357743571
190.000000000000	0.535627793438004
190.020833333333	0.535591263254914
190.041666666667	0.535554767179753
190.062500000000	0.535518305197963
190.083333333333	0.535481877294974
190.104166666667	0.535445483456201
190.125000000000	0.535409123667051
190.145833333333	0.535372797912914
190.166666666667	0.535336506179173
190.187500000000	0.535300248451195
190.208333333333	0.535264024714336
190.229166666667	0.535227834953940
190.250000000000	0.535191679155339
190.270833333333	0.535155557303855
190.291666666667	0.535119469384795
190.312500000000	0.535083415383455
190.333333333333	0.535047395285119
190.354166666667	0.535011409075061
190.375000000000	0.534975456738541
190.395833333333	0.534939538260808
190.416666666667	0.534903653627099
190.437500000000	0.534867802822640
190.458333333333	0.534831985832644
190.479166666667	0.534796202642314
190.500000000000	0.534760453236841
190.520833333333	0.534724737601402
190.541666666667	0.534689055721166
190.562500000000	0.534653407581288
190.583333333333	0.534617793166912
190.604166666667	0.534582212463172
190.625000000000	0.534546665455189
190.645833333333	0.534511152128072
190.666666666667	0.534475672466921
190.687500000000	0.534440226456822
190.708333333333	0.534404814082852
190.729166666667	0.534369435330075
190.750000000000	0.534334090183544
190.770833333333	0.534298778628303
190.791666666667	0.534263500649381
190.812500000000	0.534228256231799
190.833333333333	0.534193045360566
190.854166666667	0.534157868020679
190.875000000000	0.534122724197124
190.895833333333	0.534087613874878
190.916666666667	0.534052537038905
190.937500000000	0.534017493674159
190.958333333333	0.533982483765582
190.979166666667	0.533947507298105
191.000000000000	0.533912564256651
191.020833333333	0.533877654626129
191.041666666667	0.533842778391439
191.062500000000	0.533807935537469
191.083333333333	0.533773126049096
191.104166666667	0.533738349911188
191.125000000000	0.533703607108602
191.145833333333	0.533668897626183
191.166666666667	0.533634221448766
191.187500000000	0.533599578561176
191.208333333333	0.533564968948228
191.229166666667	0.533530392594723
191.250000000000	0.533495849485457
191.270833333333	0.533461339605210
191.291666666667	0.533426862938757
191.312500000000	0.533392419470857
191.333333333333	0.533358009186264
191.354166666667	0.533323632069717
191.375000000000	0.533289288105948
191.395833333333	0.533254977279678
191.416666666667	0.533220699575616
191.437500000000	0.533186454978464
191.458333333333	0.533152243472911
191.479166666667	0.533118065043637
191.500000000000	0.533083919675312
191.520833333333	0.533049807352596
191.541666666667	0.533015728060139
191.562500000000	0.532981681782579
191.583333333333	0.532947668504548
191.604166666667	0.532913688210664
191.625000000000	0.532879740885539
191.645833333333	0.532845826513771
191.666666666667	0.532811945079952
191.687500000000	0.532778096568661
191.708333333333	0.532744280964470
191.729166666667	0.532710498251939
191.750000000000	0.532676748415620
191.770833333333	0.532643031440054
191.791666666667	0.532609347309774
191.812500000000	0.532575696009301
191.833333333333	0.532542077523148
191.854166666667	0.532508491835819
191.875000000000	0.532474938931807
191.895833333333	0.532441418795597
191.916666666667	0.532407931411662
191.937500000000	0.532374476764470
191.958333333333	0.532341054838475
191.979166666667	0.532307665618124
192.000000000000	0.532274309087855
192.020833333333	0.532240985232096
192.041666666667	0.532207694035265
192.062500000000	0.532174435481772
192.083333333333	0.532141209556017
192.104166666667	0.532108016242393
192.125000000000	0.532074855525279
192.145833333333	0.532041727389051
192.166666666667	0.532008631818072
192.187500000000	0.531975568796697
192.208333333333	0.531942538309271
192.229166666667	0.531909540340132
192.250000000000	0.531876574873608
192.270833333333	0.531843641894018
192.291666666667	0.531810741385672
192.312500000000	0.531777873332872
192.333333333333	0.531745037719910
192.354166666667	0.531712234531072
192.375000000000	0.531679463750630
192.395833333333	0.531646725362854
192.416666666667	0.531614019351999
192.437500000000	0.531581345702315
192.458333333333	0.531548704398043
192.479166666667	0.531516095423415
192.500000000000	0.531483518762655
192.520833333333	0.531450974399977
192.541666666667	0.531418462319588
192.562500000000	0.531385982505686
192.583333333333	0.531353534942462
192.604166666667	0.531321119614095
192.625000000000	0.531288736504759
192.645833333333	0.531256385598619
192.666666666667	0.531224066879831
192.687500000000	0.531191780332544
192.708333333333	0.531159525940896
192.729166666667	0.531127303689021
192.750000000000	0.531095113561042
192.770833333333	0.531062955541074
192.791666666667	0.531030829613224
192.812500000000	0.530998735761593
192.833333333333	0.530966673970271
192.854166666667	0.530934644223342
192.875000000000	0.530902646504881
192.895833333333	0.530870680798956
192.916666666667	0.530838747089627
192.937500000000	0.530806845360945
192.958333333333	0.530774975596954
192.979166666667	0.530743137781690
193.000000000000	0.530711331899183
193.020833333333	0.530679557933452
193.041666666667	0.530647815868511
193.062500000000	0.530616105688365
193.083333333333	0.530584427377012
193.104166666667	0.530552780918441
193.125000000000	0.530521166296637
193.145833333333	0.530489583495573
193.166666666667	0.530458032499218
193.187500000000	0.530426513291531
193.208333333333	0.530395025856465
193.229166666667	0.530363570177966
193.250000000000	0.530332146239971
193.270833333333	0.530300754026411
193.291666666667	0.530269393521210
193.312500000000	0.530238064708284
193.333333333333	0.530206767571540
193.354166666667	0.530175502094882
193.375000000000	0.530144268262204
193.395833333333	0.530113066057392
193.416666666667	0.530081895464327
193.437500000000	0.530050756466883
193.458333333333	0.530019649048925
193.479166666667	0.529988573194313
193.500000000000	0.529957528886899
193.520833333333	0.529926516110527
193.541666666667	0.529895534849038
193.562500000000	0.529864585086260
193.583333333333	0.529833666806021
193.604166666667	0.529802779992137
193.625000000000	0.529771924628419
193.645833333333	0.529741100698672
193.666666666667	0.529710308186694
193.687500000000	0.529679547076275
193.708333333333	0.529648817351199
193.729166666667	0.529618118995244
193.750000000000	0.529587451992182
193.770833333333	0.529556816325777
193.791666666667	0.529526211979787
193.812500000000	0.529495638937963
193.833333333333	0.529465097184052
193.854166666667	0.529434586701790
193.875000000000	0.529404107474911
193.895833333333	0.529373659487141
193.916666666667	0.529343242722199
193.937500000000	0.529312857163799
193.958333333333	0.529282502795648
193.979166666667	0.529252179601447
194.000000000000	0.529221887564890
194.020833333333	0.529191626669666
194.041666666667	0.529161396899458
194.062500000000	0.529131198237942
194.083333333333	0.529101030668788
194.104166666667	0.529070894175661
194.125000000000	0.529040788742219
194.145833333333	0.529010714352114
194.166666666667	0.528980670988992
194.187500000000	0.528950658636495
194.208333333333	0.528920677278257
194.229166666667	0.528890726897906
194.250000000000	0.528860807479067
194.270833333333	0.528830919005355
194.291666666667	0.528801061460383
194.312500000000	0.528771234827757
194.333333333333	0.528741439091076
194.354166666667	0.528711674233936
194.375000000000	0.528681940239925
194.395833333333	0.528652237092626
194.416666666667	0.528622564775619
194.437500000000	0.528592923272474
194.458333333333	0.528563312566759
194.479166666667	0.528533732642036
194.500000000000	0.528504183481860
194.520833333333	0.528474665069783
194.541666666667	0.528445177389349
194.562500000000	0.528415720424099
194.583333333333	0.528386294157567
194.604166666667	0.528356898573283
194.625000000000	0.528327533654771
194.645833333333	0.528298199385551
194.666666666667	0.528268895749137
194.687500000000	0.528239622729037
194.708333333333	0.528210380308755
194.729166666667	0.528181168471791
194.750000000000	0.528151987201637
194.770833333333	0.528122836481783
194.791666666667	0.528093716295713
194.812500000000	0.528064626626906
194.833333333333	0.528035567458835
194.854166666667	0.528006538774970
194.875000000000	0.527977540558775
194.895833333333	0.527948572793710
194.916666666667	0.527919635463230
194.937500000000	0.527890728550785
194.958333333333	0.527861852039820
194.979166666667	0.527833005913776
195.000000000000	0.527804190156090
195.020833333333	0.527775404750193
195.041666666667	0.527746649679512
195.062500000000	0.527717924927469
195.083333333333	0.527689230477483
195.104166666667	0.527660566312967
195.125000000000	0.527631932417330
195.145833333333	0.527603328773977
195.166666666667	0.527574755366309
195.187500000000	0.527546212177721
195.208333333333	0.527517699191606
195.229166666667	0.527489216391350
195.250000000000	0.527460763760336
195.270833333333	0.527432341281945
195.291666666667	0.527403948939551
195.312500000000	0.527375586716525
195.333333333333	0.527347254596232
195.354166666667	0.527318952562037
195.375000000000	0.527290680597297
195.395833333333	0.527262438685366
195.416666666667	0.527234226809597
195.437500000000	0.527206044953334
195.458333333333	0.527177893099922
195.479166666667	0.527149771232698
195.500000000000	0.527121679334997
195.520833333333	0.527093617390152
195.541666666667	0.527065585381488
195.562500000000	0.527037583292331
195.583333333333	0.527009611105999
195.604166666667	0.526981668805809
195.625000000000	0.526953756375074
195.645833333333	0.526925873797103
195.666666666667	0.526898021055200
195.687500000000	0.526870198132669
195.708333333333	0.526842405012806
195.729166666667	0.526814641678908
195.750000000000	0.526786908114265
195.770833333333	0.526759204302165
195.791666666667	0.526731530225893
195.812500000000	0.526703885868730
195.833333333333	0.526676271213954
195.854166666667	0.526648686244840
195.875000000000	0.526621130944658
195.895833333333	0.526593605296677
195.916666666667	0.526566109284162
195.937500000000	0.526538642890374
195.958333333333	0.526511206098572
195.979166666667	0.526483798892012
196.000000000000	0.526456421253945
196.020833333333	0.526429073167622
196.041666666667	0.526401754616288
196.062500000000	0.526374465583187
196.083333333333	0.526347206051559
196.104166666667	0.526319976004643
196.125000000000	0.526292775425671
196.145833333333	0.526265604297878
196.166666666667	0.526238462604490
196.187500000000	0.526211350328734
196.208333333333	0.526184267453835
196.229166666667	0.526157213963011
196.250000000000	0.526130189839483
196.270833333333	0.526103195066465
196.291666666667	0.526076229627169
196.312500000000	0.526049293504806
196.333333333333	0.526022386682584
196.354166666667	0.525995509143707
196.375000000000	0.525968660871379
196.395833333333	0.525941841848798
196.416666666667	0.525915052059164
196.437500000000	0.525888291485671
196.458333333333	0.525861560111512
196.479166666667	0.525834857919878
196.500000000000	0.525808184893957
196.520833333333	0.525781541016935
196.541666666667	0.525754926271995
196.562500000000	0.525728340642321
196.583333333333	0.525701784111090
196.604166666667	0.525675256661480
196.625000000000	0.525648758276666
196.645833333333	0.525622288939821
196.666666666667	0.525595848634117
196.687500000000	0.525569437342721
196.708333333333	0.525543055048802
196.729166666667	0.525516701735524
196.750000000000	0.525490377386051
196.770833333333	0.525464081983543
196.791666666667	0.525437815511160
196.812500000000	0.525411577952059
196.833333333333	0.525385369289396
196.854166666667	0.525359189506326
196.875000000000	0.525333038586000
196.895833333333	0.525306916511570
196.916666666667	0.525280823266183
196.937500000000	0.525254758832987
196.958333333333	0.525228723195128
196.979166666667	0.525202716335750
197.000000000000	0.525176738237995
197.020833333333	0.525150788885005
197.041666666667	0.525124868259919
197.062500000000	0.525098976345875
197.083333333333	0.525073113126009
197.104166666667	0.525047278583458
197.125000000000	0.525021472701354
197.145833333333	0.524995695462831
197.166666666667	0.524969946851019
197.187500000000	0.524944226849050
197.208333333333	0.524918535440052
197.229166666667	0.524892872607152
197.250000000000	0.524867238333477
197.270833333333	0.524841632602152
197.291666666667	0.524816055396302
197.312500000000	0.524790506699049
197.333333333333	0.524764986493516
197.354166666667	0.524739494762824
197.375000000000	0.524714031490094
197.395833333333	0.524688596658444
197.416666666667	0.524663190250992
197.437500000000	0.524637812250857
197.458333333333	0.524612462641154
197.479166666667	0.524587141405000
197.500000000000	0.524561848525509
197.520833333333	0.524536583985796
197.541666666667	0.524511347768973
197.562500000000	0.524486139858155
197.583333333333	0.524460960236453
197.604166666667	0.524435808886978
197.625000000000	0.524410685792841
197.645833333333	0.524385590937154
197.666666666667	0.524360524303025
197.687500000000	0.524335485873564
197.708333333333	0.524310475631879
197.729166666667	0.524285493561080
197.750000000000	0.524260539644273
197.770833333333	0.524235613864567
197.791666666667	0.524210716205069
197.812500000000	0.524185846648886
197.833333333333	0.524161005179124
197.854166666667	0.524136191778889
197.875000000000	0.524111406431289
197.895833333333	0.524086649119428
197.916666666667	0.524061919826412
197.937500000000	0.524037218535348
197.958333333333	0.524012545229341
197.979166666667	0.523987899891496
198.000000000000	0.523963282504918
198.020833333333	0.523938693052713
198.041666666667	0.523914131517987
198.062500000000	0.523889597883845
198.083333333333	0.523865092133392
198.104166666667	0.523840614249734
198.125000000000	0.523816164215978
198.145833333333	0.523791742015229
198.166666666667	0.523767347630593
198.187500000000	0.523742981045176
198.208333333333	0.523718642242086
198.229166666667	0.523694331204430
198.250000000000	0.523670047915314
198.270833333333	0.523645792357847
198.291666666667	0.523621564515137
198.312500000000	0.523597364370292
198.333333333333	0.523573191906421
198.354166666667	0.523549047106634
198.375000000000	0.523524929954040
198.395833333333	0.523500840431750
198.416666666667	0.523476778522876
198.437500000000	0.523452744210528
198.458333333333	0.523428737477820
198.479166666667	0.523404758307864
198.500000000000	0.523380806683774
198.520833333333	0.523356882588665
198.541666666667	0.523332986005651
198.562500000000	0.523309116917848
198.583333333333	0.523285275308375
198.604166666667	0.523261461160347
198.625000000000	0.523237674456884
198.645833333333	0.523213915181104
198.666666666667	0.523190183316129
198.687500000000	0.523166478845081
198.708333333333	0.523142801751080
198.729166666667	0.523119152017251
198.750000000000	0.523095529626717
198.770833333333	0.523071934562606
198.791666666667	0.523048366808042
198.812500000000	0.523024826346155
198.833333333333	0.523001313160073
198.854166666667	0.522977827232926
198.875000000000	0.522954368547846
198.895833333333	0.522930937087966
198.916666666667	0.522907532836419
198.937500000000	0.522884155776342
198.958333333333	0.522860805890870
198.979166666667	0.522837483163142
199.000000000000	0.522814187576298
199.020833333333	0.522790919113478
199.041666666667	0.522767677757826
199.062500000000	0.522744463492485
199.083333333333	0.522721276300600
199.104166666667	0.522698116165320
199.125000000000	0.522674983069792
199.145833333333	0.522651876997167
199.166666666667	0.522628797930598
199.187500000000	0.522605745853238
199.208333333333	0.522582720748243
199.229166666667	0.522559722598769
199.250000000000	0.522536751387976
199.270833333333	0.522513807099025
199.291666666667	0.522490889715079
199.312500000000	0.522467999219302
199.333333333333	0.522445135594860
199.354166666667	0.522422298824922
199.375000000000	0.522399488892659
199.395833333333	0.522376705781243
199.416666666667	0.522353949473848
199.437500000000	0.522331219953651
199.458333333333	0.522308517203831
199.479166666667	0.522285841207567
199.500000000000	0.522263191948044
199.520833333333	0.522240569408446
199.541666666667	0.522217973571959
199.562500000000	0.522195404421775
199.583333333333	0.522172861941084
199.604166666667	0.522150346113080
199.625000000000	0.522127856920960
199.645833333333	0.522105394347922
199.666666666667	0.522082958377168
199.687500000000	0.522060548991901
199.708333333333	0.522038166175327
199.729166666667	0.522015809910655
199.750000000000	0.521993480181094
199.770833333333	0.521971176969860
199.791666666667	0.521948900260167
199.812500000000	0.521926650035234
199.833333333333	0.521904426278283
199.854166666667	0.521882228972538
199.875000000000	0.521860058101224
199.895833333333	0.521837913647571
199.916666666667	0.521815795594811
199.937500000000	0.521793703926179
199.958333333333	0.521771638624913
199.979166666667	0.521749599674252
200.000000000000	0.521727587057441
200.020833333333	0.521705600757724
200.041666666667	0.521683640758351
200.062500000000	0.521661707042575
200.083333333333	0.521639799593649
200.104166666667	0.521617918394833
200.125000000000	0.521596063429386
200.145833333333	0.521574234680573
200.166666666667	0.521552432131661
200.187500000000	0.521530655765921
200.208333333333	0.521508905566624
200.229166666667	0.521487181517049
200.250000000000	0.521465483600475
200.270833333333	0.521443811800184
200.291666666667	0.521422166099464
200.312500000000	0.521400546481603
200.333333333333	0.521378952929894
200.354166666667	0.521357385427634
200.375000000000	0.521335843958122
200.395833333333	0.521314328504662
200.416666666667	0.521292839050559
200.437500000000	0.521271375579123
200.458333333333	0.521249938073668
200.479166666667	0.521228526517511
200.500000000000	0.521207140893972
200.520833333333	0.521185781186376
200.541666666667	0.521164447378049
200.562500000000	0.521143139452323
200.583333333333	0.521121857392533
200.604166666667	0.521100601182018
200.625000000000	0.521079370804120
200.645833333333	0.521058166242185
200.666666666667	0.521036987479563
200.687500000000	0.521015834499608
200.708333333333	0.520994707285677
200.729166666667	0.520973605821131
200.750000000000	0.520952530089337
200.770833333333	0.520931480073663
200.791666666667	0.520910455757481
200.812500000000	0.520889457124171
200.833333333333	0.520868484157112
200.854166666667	0.520847536839690
200.875000000000	0.520826615155293
200.895833333333	0.520805719087317
200.916666666667	0.520784848619157
200.937500000000	0.520764003734215
200.958333333333	0.520743184415899
200.979166666667	0.520722390647616
201.000000000000	0.520701622412782
201.020833333333	0.520680879694815
201.041666666667	0.520660162477138
201.062500000000	0.520639470743178
201.083333333333	0.520618804476366
201.104166666667	0.520598163660139
201.125000000000	0.520577548277936
201.145833333333	0.520556958313203
201.166666666667	0.520536393749388
201.187500000000	0.520515854569946
201.208333333333	0.520495340758333
201.229166666667	0.520474852298013
201.250000000000	0.520454389172454
201.270833333333	0.520433951365127
201.291666666667	0.520413538859508
201.312500000000	0.520393151639079
201.333333333333	0.520372789687325
201.354166666667	0.520352452987738
201.375000000000	0.520332141523812
201.395833333333	0.520311855279048
201.416666666667	0.520291594236950
201.437500000000	0.520271358381028
201.458333333333	0.520251147694797
201.479166666667	0.520230962161776
201.500000000000	0.520210801765489
201.520833333333	0.520190666489466
201.541666666667	0.520170556317241
201.562500000000	0.520150471232352
201.583333333333	0.520130411218345
201.604166666667	0.520110376258770
201.625000000000	0.520090366337178
201.645833333333	0.520070381437131
201.666666666667	0.520050421542194
201.687500000000	0.520030486635935
201.708333333333	0.520010576701929
201.729166666667	0.519990691723758
201.750000000000	0.519970831685006
201.770833333333	0.519950996569264
201.791666666667	0.519931186360127
201.812500000000	0.519911401041198
201.833333333333	0.519891640596082
201.854166666667	0.519871905008393
201.875000000000	0.519852194261746
201.895833333333	0.519832508339765
201.916666666667	0.519812847226079
201.937500000000	0.519793210904320
201.958333333333	0.519773599358129
201.979166666667	0.519754012571149
202.000000000000	0.519734450527033
202.020833333333	0.519714913209434
202.041666666667	0.519695400602016
202.062500000000	0.519675912688445
202.083333333333	0.519656449452395
202.104166666667	0.519637010877543
202.125000000000	0.519617596947574
202.145833333333	0.519598207646179
202.166666666667	0.519578842957053
202.187500000000	0.519559502863899
202.208333333333	0.519540187350423
202.229166666667	0.519520896400338
202.250000000000	0.519501629997365
202.270833333333	0.519482388125229
202.291666666667	0.519463170767660
202.312500000000	0.519443977908396
202.333333333333	0.519424809531180
202.354166666667	0.519405665619761
202.375000000000	0.519386546157894
202.395833333333	0.519367451129342
202.416666666667	0.519348380517870
202.437500000000	0.519329334307253
202.458333333333	0.519310312481270
202.479166666667	0.519291315023708
202.500000000000	0.519272341918357
202.520833333333	0.519253393149018
202.541666666667	0.519234468699494
202.562500000000	0.519215568553596
202.583333333333	0.519196692695142
202.604166666667	0.519177841107954
202.625000000000	0.519159013775864
202.645833333333	0.519140210682707
202.666666666667	0.519121431812326
202.687500000000	0.519102677148570
202.708333333333	0.519083946675295
202.729166666667	0.519065240376363
202.750000000000	0.519046558235643
202.770833333333	0.519027900237011
202.791666666667	0.519009266364347
202.812500000000	0.518990656601541
202.833333333333	0.518972070932488
202.854166666667	0.518953509341089
202.875000000000	0.518934971811253
202.895833333333	0.518916458326896
202.916666666667	0.518897968871938
202.937500000000	0.518879503430309
202.958333333333	0.518861061985944
202.979166666667	0.518842644522786
203.000000000000	0.518824251024783
203.020833333333	0.518805881475892
203.041666666667	0.518787535860076
203.062500000000	0.518769214161304
203.083333333333	0.518750916363554
203.104166666667	0.518732642450808
203.125000000000	0.518714392407058
203.145833333333	0.518696166216302
203.166666666667	0.518677963862544
203.187500000000	0.518659785329797
203.208333333333	0.518641630602079
203.229166666667	0.518623499663417
203.250000000000	0.518605392497843
203.270833333333	0.518587309089399
203.291666666667	0.518569249422132
203.312500000000	0.518551213480097
203.333333333333	0.518533201247356
203.354166666667	0.518515212707979
203.375000000000	0.518497247846042
203.395833333333	0.518479306645630
203.416666666667	0.518461389090834
203.437500000000	0.518443495165753
203.458333333333	0.518425624854493
203.479166666667	0.518407778141169
203.500000000000	0.518389955009900
203.520833333333	0.518372155444816
203.541666666667	0.518354379430053
203.562500000000	0.518336626949755
203.583333333333	0.518318897988074
203.604166666667	0.518301192529167
203.625000000000	0.518283510557201
203.645833333333	0.518265852056351
203.666666666667	0.518248217010799
203.687500000000	0.518230605404733
203.708333333333	0.518213017222352
203.729166666667	0.518195452447859
203.750000000000	0.518177911065469
203.770833333333	0.518160393059400
203.791666666667	0.518142898413883
203.812500000000	0.518125427113151
203.833333333333	0.518107979141452
203.854166666667	0.518090554483034
203.875000000000	0.518073153122159
203.895833333333	0.518055775043095
203.916666666667	0.518038420230117
203.937500000000	0.518021088667508
203.958333333333	0.518003780339562
203.979166666667	0.517986495230577
204.000000000000	0.517969233324861
204.020833333333	0.517951994606730
204.041666666667	0.517934779060509
204.062500000000	0.517917586670529
204.083333333333	0.517900417421132
204.104166666667	0.517883271296665
204.125000000000	0.517866148281485
204.145833333333	0.517849048359958
204.166666666667	0.517831971516456
204.187500000000	0.517814917735362
204.208333333333	0.517797887001064
204.229166666667	0.517780879297962
204.250000000000	0.517763894610462
204.270833333333	0.517746932922979
204.291666666667	0.517729994219937
204.312500000000	0.517713078485766
204.333333333333	0.517696185704908
204.354166666667	0.517679315861811
204.375000000000	0.517662468940933
204.395833333333	0.517645644926739
204.416666666667	0.517628843803704
204.437500000000	0.517612065556310
204.458333333333	0.517595310169050
204.479166666667	0.517578577626423
204.500000000000	0.517561867912938
204.520833333333	0.517545181013113
204.541666666667	0.517528516911474
204.562500000000	0.517511875592556
204.583333333333	0.517495257040903
204.604166666667	0.517478661241067
204.625000000000	0.517462088177609
204.645833333333	0.517445537835100
204.666666666667	0.517429010198118
204.687500000000	0.517412505251252
204.708333333333	0.517396022979097
204.729166666667	0.517379563366261
204.750000000000	0.517363126397356
204.770833333333	0.517346712057008
204.791666666667	0.517330320329847
204.812500000000	0.517313951200517
204.833333333333	0.517297604653667
204.854166666667	0.517281280673958
204.875000000000	0.517264979246057
204.895833333333	0.517248700354643
204.916666666667	0.517232443984402
204.937500000000	0.517216210120031
204.958333333333	0.517199998746236
204.979166666667	0.517183809847730
205.000000000000	0.517167643409238
205.020833333333	0.517151499415493
205.041666666667	0.517135377851235
205.062500000000	0.517119278701219
205.083333333333	0.517103201950203
205.104166666667	0.517087147582959
205.125000000000	0.517071115584266
205.145833333333	0.517055105938913
205.166666666667	0.517039118631699
205.187500000000	0.517023153647431
205.208333333333	0.517007210970926
205.229166666667	0.516991290587012
205.250000000000	0.516975392480526
205.270833333333	0.516959516636311
205.291666666667	0.516943663039225
205.312500000000	0.516927831674131
205.333333333333	0.516912022525906
205.354166666667	0.516896235579432
205.375000000000	0.516880470819604
205.395833333333	0.516864728231325
205.416666666667	0.516849007799509
205.437500000000	0.516833309509078
205.458333333333	0.516817633344964
205.479166666667	0.516801979292112
205.500000000000	0.516786347335472
205.520833333333	0.516770737460007
205.541666666667	0.516755149650689
205.562500000000	0.516739583892499
205.583333333333	0.516724040170428
205.604166666667	0.516708518469480
205.625000000000	0.516693018774664
205.645833333333	0.516677541071002
205.666666666667	0.516662085343526
205.687500000000	0.516646651577277
205.708333333333	0.516631239757305
205.729166666667	0.516615849868674
205.750000000000	0.516600481896454
205.770833333333	0.516585135825726
205.791666666667	0.516569811641582
205.812500000000	0.516554509329124
205.833333333333	0.516539228873464
205.854166666667	0.516523970259724
205.875000000000	0.516508733473035
205.895833333333	0.516493518498542
205.916666666667	0.516478325321396
205.937500000000	0.516463153926760
205.958333333333	0.516448004299807
205.979166666667	0.516432876425722
206.000000000000	0.516417770289697
206.020833333333	0.516402685876938
206.041666666667	0.516387623172659
206.062500000000	0.516372582162084
206.083333333333	0.516357562830450
206.104166666667	0.516342565163002
206.125000000000	0.516327589144996
206.145833333333	0.516312634761700
206.166666666667	0.516297701998390
206.187500000000	0.516282790840354
206.208333333333	0.516267901272892
206.229166666667	0.516253033281311
206.250000000000	0.516238186850931
206.270833333333	0.516223361967083
206.291666666667	0.516208558615108
206.312500000000	0.516193776780356
206.333333333333	0.516179016448190
206.354166666667	0.516164277603983
206.375000000000	0.516149560233117
206.395833333333	0.516134864320989
206.416666666667	0.516120189853003
206.437500000000	0.516105536814574
206.458333333333	0.516090905191129
206.479166666667	0.516076294968106
206.500000000000	0.516061706130954
206.520833333333	0.516047138665131
206.541666666667	0.516032592556107
206.562500000000	0.516018067789364
206.583333333333	0.516003564350394
206.604166666667	0.515989082224699
206.625000000000	0.515974621397794
206.645833333333	0.515960181855204
206.666666666667	0.515945763582464
206.687500000000	0.515931366565122
206.708333333333	0.515916990788735
206.729166666667	0.515902636238873
206.750000000000	0.515888302901117
206.770833333333	0.515873990761057
206.791666666667	0.515859699804296
206.812500000000	0.515845430016448
206.833333333333	0.515831181383138
206.854166666667	0.515816953890002
206.875000000000	0.515802747522688
206.895833333333	0.515788562266854
206.916666666667	0.515774398108171
206.937500000000	0.515760255032318
206.958333333333	0.515746133024990
206.979166666667	0.515732032071890
207.000000000000	0.515717952158733
207.020833333333	0.515703893271246
207.041666666667	0.515689855395167
207.062500000000	0.515675838516245
207.083333333333	0.515661842620242
207.104166666667	0.515647867692930
207.125000000000	0.515633913720093
207.145833333333	0.515619980687526
207.166666666667	0.515606068581037
207.187500000000	0.515592177386443
207.208333333333	0.515578307089576
207.229166666667	0.515564457676275
207.250000000000	0.515550629132396
207.270833333333	0.515536821443803
207.291666666667	0.515523034596372
207.312500000000	0.515509268575992
207.333333333333	0.515495523368562
207.354166666667	0.515481798959995
207.375000000000	0.515468095336214
207.395833333333	0.515454412483153
207.416666666667	0.515440750386761
207.437500000000	0.515427109032995
207.458333333333	0.515413488407827
207.479166666667	0.515399888497238
207.500000000000	0.515386309287223
207.520833333333	0.515372750763788
207.541666666667	0.515359212912952
207.562500000000	0.515345695720743
207.583333333333	0.515332199173205
207.604166666667	0.515318723256391
207.625000000000	0.515305267956366
207.645833333333	0.515291833259209
207.666666666667	0.515278419151010
207.687500000000	0.515265025617870
207.708333333333	0.515251652645904
207.729166666667	0.515238300221237
207.750000000000	0.515224968330008
207.770833333333	0.515211656958366
207.791666666667	0.515198366092476
207.812500000000	0.515185095718510
207.833333333333	0.515171845822656
207.854166666667	0.515158616391113
207.875000000000	0.515145407410091
207.895833333333	0.515132218865816
207.916666666667	0.515119050744521
207.937500000000	0.515105903032455
207.958333333333	0.515092775715878
207.979166666667	0.515079668781064
208.000000000000	0.515066582214296
208.020833333333	0.515053516001872
208.041666666667	0.515040470130103
208.062500000000	0.515027444585309
208.083333333333	0.515014439353825
208.104166666667	0.515001454421999
208.125000000000	0.514988489776189
208.145833333333	0.514975545402767
208.166666666667	0.514962621288119
208.187500000000	0.514949717418640
208.208333333333	0.514936833780740
208.229166666667	0.514923970360841
208.250000000000	0.514911127145378
208.270833333333	0.514898304120797
208.291666666667	0.514885501273559
208.312500000000	0.514872718590135
208.333333333333	0.514859956057011
208.354166666667	0.514847213660685
208.375000000000	0.514834491387665
208.395833333333	0.514821789224477
208.416666666667	0.514809107157655
208.437500000000	0.514796445173748
208.458333333333	0.514783803259317
208.479166666667	0.514771181400937
208.500000000000	0.514758579585194
208.520833333333	0.514745997798688
208.541666666667	0.514733436028031
208.562500000000	0.514720894259850
208.583333333333	0.514708372480781
208.604166666667	0.514695870677477
208.625000000000	0.514683388836600
208.645833333333	0.514670926944830
208.666666666667	0.514658484988854
208.687500000000	0.514646062955377
208.708333333333	0.514633660831114
208.729166666667	0.514621278602794
208.750000000000	0.514608916257159
208.770833333333	0.514596573780964
208.791666666667	0.514584251160977
208.812500000000	0.514571948383980
208.833333333333	0.514559665436765
208.854166666667	0.514547402306142
208.875000000000	0.514535158978930
208.895833333333	0.514522935441963
208.916666666667	0.514510731682088
208.937500000000	0.514498547686165
208.958333333333	0.514486383441066
208.979166666667	0.514474238933680
209.000000000000	0.514462114150904
209.020833333333	0.514450009079653
209.041666666667	0.514437923706852
209.062500000000	0.514425858019441
209.083333333333	0.514413812004374
209.104166666667	0.514401785648615
209.125000000000	0.514389778939146
209.145833333333	0.514377791862957
209.166666666667	0.514365824407057
209.187500000000	0.514353876558465
209.208333333333	0.514341948304214
209.229166666667	0.514330039631350
209.250000000000	0.514318150526934
209.270833333333	0.514306280978039
209.291666666667	0.514294430971753
209.312500000000	0.514282600495176
209.333333333333	0.514270789535422
209.354166666667	0.514258998079619
209.375000000000	0.514247226114907
209.395833333333	0.514235473628443
209.416666666667	0.514223740607395
209.437500000000	0.514212027038943
209.458333333333	0.514200332910285
209.479166666667	0.514188658208630
209.500000000000	0.514177002921200
209.520833333333	0.514165367035233
209.541666666667	0.514153750537979
209.562500000000	0.514142153416702
209.583333333333	0.514130575658680
209.604166666667	0.514119017251205
209.625000000000	0.514107478181582
209.645833333333	0.514095958437131
209.666666666667	0.514084458005185
209.687500000000	0.514072976873090
209.708333333333	0.514061515028208
209.729166666667	0.514050072457913
209.750000000000	0.514038649149594
209.770833333333	0.514027245090653
209.791666666667	0.514015860268507
209.812500000000	0.514004494670587
209.833333333333	0.513993148284335
209.854166666667	0.513981821097211
209.875000000000	0.513970513096687
209.895833333333	0.513959224270249
209.916666666667	0.513947954605397
209.937500000000	0.513936704089646
209.958333333333	0.513925472710524
209.979166666667	0.513914260455574
210.000000000000	0.513903067312352
210.020833333333	0.513891893268429
210.041666666667	0.513880738311389
210.062500000000	0.513869602428832
210.083333333333	0.513858485608371
210.104166666667	0.513847387837633
210.125000000000	0.513836309104259
210.145833333333	0.513825249395905
210.166666666667	0.513814208700241
210.187500000000	0.513803187004951
210.208333333333	0.513792184297734
210.229166666667	0.513781200566302
210.250000000000	0.513770235798382
210.270833333333	0.513759289981716
210.291666666667	0.513748363104059
210.312500000000	0.513737455153181
210.333333333333	0.513726566116866
210.354166666667	0.513715695982914
210.375000000000	0.513704844739137
210.395833333333	0.513694012373362
210.416666666667	0.513683198873432
210.437500000000	0.513672404227204
210.458333333333	0.513661628422547
210.479166666667	0.513650871447347
210.500000000000	0.513640133289504
210.520833333333	0.513629413936932
210.541666666667	0.513618713377561
210.562500000000	0.513608031599333
210.583333333333	0.513597368590206
210.604166666667	0.513586724338153
210.625000000000	0.513576098831161
210.645833333333	0.513565492057232
210.666666666667	0.513554904004382
210.687500000000	0.513544334660641
210.708333333333	0.513533784014056
210.729166666667	0.513523252052687
210.750000000000	0.513512738764609
210.770833333333	0.513502244137911
210.791666666667	0.513491768160697
210.812500000000	0.513481310821087
210.833333333333	0.513470872107215
210.854166666667	0.513460452007230
210.875000000000	0.513450050509293
210.895833333333	0.513439667601585
210.916666666667	0.513429303272297
210.937500000000	0.513418957509638
210.958333333333	0.513408630301831
210.979166666667	0.513398321637112
211.000000000000	0.513388031503734
211.020833333333	0.513377759889965
211.041666666667	0.513367506784087
211.062500000000	0.513357272174396
211.083333333333	0.513347056049205
211.104166666667	0.513336858396841
211.125000000000	0.513326679205646
211.145833333333	0.513316518463977
211.166666666667	0.513306376160205
211.187500000000	0.513296252282718
211.208333333333	0.513286146819917
211.229166666667	0.513276059760220
211.250000000000	0.513265991092059
211.270833333333	0.513255940803881
211.291666666667	0.513245908884148
211.312500000000	0.513235895321337
211.333333333333	0.513225900103942
211.354166666667	0.513215923220468
211.375000000000	0.513205964659441
211.395833333333	0.513196024409396
211.416666666667	0.513186102458888
211.437500000000	0.513176198796485
211.458333333333	0.513166313410770
211.479166666667	0.513156446290342
211.500000000000	0.513146597423814
211.520833333333	0.513136766799817
211.541666666667	0.513126954406994
211.562500000000	0.513117160234006
211.583333333333	0.513107384269527
211.604166666667	0.513097626502249
211.625000000000	0.513087886920876
211.645833333333	0.513078165514129
211.666666666667	0.513068462270746
211.687500000000	0.513058777179478
211.708333333333	0.513049110229092
211.729166666667	0.513039461408370
211.750000000000	0.513029830706112
211.770833333333	0.513020218111129
211.791666666667	0.513010623612252
211.812500000000	0.513001047198324
211.833333333333	0.512991488858206
211.854166666667	0.512981948580772
211.875000000000	0.512972426354914
211.895833333333	0.512962922169537
211.916666666667	0.512953436013564
211.937500000000	0.512943967875933
211.958333333333	0.512934517745595
211.979166666667	0.512925085611521
212.000000000000	0.512915671462693
212.020833333333	0.512906275288111
212.041666666667	0.512896897076792
212.062500000000	0.512887536817766
212.083333333333	0.512878194500079
212.104166666667	0.512868870112795
212.125000000000	0.512859563644991
212.145833333333	0.512850275085760
212.166666666667	0.512841004424213
212.187500000000	0.512831751649474
212.208333333333	0.512822516750684
212.229166666667	0.512813299717000
212.250000000000	0.512804100537594
212.270833333333	0.512794919201655
212.291666666667	0.512785755698385
212.312500000000	0.512776610017006
212.333333333333	0.512767482146752
212.354166666667	0.512758372076874
212.375000000000	0.512749279796641
212.395833333333	0.512740205295336
212.416666666667	0.512731148562256
212.437500000000	0.512722109586717
212.458333333333	0.512713088358050
212.479166666667	0.512704084865602
212.500000000000	0.512695099098734
212.520833333333	0.512686131046826
212.541666666667	0.512677180699272
212.562500000000	0.512668248045482
212.583333333333	0.512659333074882
212.604166666667	0.512650435776917
212.625000000000	0.512641556141043
212.645833333333	0.512632694156735
212.666666666667	0.512623849813483
212.687500000000	0.512615023100795
212.708333333333	0.512606214008192
212.729166666667	0.512597422525214
212.750000000000	0.512588648641415
212.770833333333	0.512579892346366
212.791666666667	0.512571153629654
212.812500000000	0.512562432480882
212.833333333333	0.512553728889669
212.854166666667	0.512545042845651
212.875000000000	0.512536374338479
212.895833333333	0.512527723357821
212.916666666667	0.512519089893362
212.937500000000	0.512510473934800
212.958333333333	0.512501875471853
212.979166666667	0.512493294494253
213.000000000000	0.512484730991749
213.020833333333	0.512476184954106
213.041666666667	0.512467656371106
213.062500000000	0.512459145232545
213.083333333333	0.512450651528239
213.104166666667	0.512442175248017
213.125000000000	0.512433716381727
213.145833333333	0.512425274919229
213.166666666667	0.512416850850406
213.187500000000	0.512408444165151
213.208333333333	0.512400054853377
213.229166666667	0.512391682905012
213.250000000000	0.512383328310002
213.270833333333	0.512374991058307
213.291666666667	0.512366671139905
213.312500000000	0.512358368544790
213.333333333333	0.512350083262973
213.354166666667	0.512341815284480
213.375000000000	0.512333564599356
213.395833333333	0.512325331197660
213.416666666667	0.512317115069468
213.437500000000	0.512308916204874
213.458333333333	0.512300734593988
213.479166666667	0.512292570226935
213.500000000000	0.512284423093857
213.520833333333	0.512276293184914
213.541666666667	0.512268180490283
213.562500000000	0.512260085000154
213.583333333333	0.512252006704737
213.604166666667	0.512243945594258
213.625000000000	0.512235901658959
213.645833333333	0.512227874889098
213.666666666667	0.512219865274952
213.687500000000	0.512211872806812
213.708333333333	0.512203897474986
213.729166666667	0.512195939269802
213.750000000000	0.512187998181599
213.770833333333	0.512180074200739
213.791666666667	0.512172167317595
213.812500000000	0.512164277522562
213.833333333333	0.512156404806047
213.854166666667	0.512148549158476
213.875000000000	0.512140710570292
213.895833333333	0.512132889031955
213.916666666667	0.512125084533941
213.937500000000	0.512117297066742
213.958333333333	0.512109526620870
213.979166666667	0.512101773186849
214.000000000000	0.512094036755224
214.020833333333	0.512086317316555
214.041666666667	0.512078614861420
214.062500000000	0.512070929380411
214.083333333333	0.512063260864141
214.104166666667	0.512055609303238
214.125000000000	0.512047974688345
214.145833333333	0.512040357010125
214.166666666667	0.512032756259256
214.187500000000	0.512025172426435
214.208333333333	0.512017605502373
214.229166666667	0.512010055477799
214.250000000000	0.512002522343462
214.270833333333	0.511995006090123
214.291666666667	0.511987506708564
214.312500000000	0.511980024189582
214.333333333333	0.511972558523991
214.354166666667	0.511965109702623
214.375000000000	0.511957677716327
214.395833333333	0.511950262555968
214.416666666667	0.511942864212430
214.437500000000	0.511935482676611
214.458333333333	0.511928117939429
214.479166666667	0.511920769991818
214.500000000000	0.511913438824729
214.520833333333	0.511906124429130
214.541666666667	0.511898826796007
214.562500000000	0.511891545916362
214.583333333333	0.511884281781215
214.604166666667	0.511877034381603
214.625000000000	0.511869803708580
214.645833333333	0.511862589753217
214.666666666667	0.511855392506602
214.687500000000	0.511848211959842
214.708333333333	0.511841048104058
214.729166666667	0.511833900930392
214.750000000000	0.511826770430001
214.770833333333	0.511819656594059
214.791666666667	0.511812559413758
214.812500000000	0.511805478880308
214.833333333333	0.511798414984934
214.854166666667	0.511791367718881
214.875000000000	0.511784337073410
214.895833333333	0.511777323039799
214.916666666667	0.511770325609344
214.937500000000	0.511763344773358
214.958333333333	0.511756380523171
214.979166666667	0.511749432850132
215.000000000000	0.511742501745604
215.020833333333	0.511735587200972
215.041666666667	0.511728689207635
215.062500000000	0.511721807757010
215.083333333333	0.511714942840533
215.104166666667	0.511708094449654
215.125000000000	0.511701262575845
215.145833333333	0.511694447210591
215.166666666667	0.511687648345399
215.187500000000	0.511680865971789
215.208333333333	0.511674100081301
215.229166666667	0.511667350665492
215.250000000000	0.511660617715937
215.270833333333	0.511653901224227
215.291666666667	0.511647201181973
215.312500000000	0.511640517580801
215.333333333333	0.511633850412356
215.354166666667	0.511627199668300
215.375000000000	0.511620565340312
215.395833333333	0.511613947420090
215.416666666667	0.511607345899350
215.437500000000	0.511600760769822
215.458333333333	0.511594192023258
215.479166666667	0.511587639651425
215.500000000000	0.511581103646108
215.520833333333	0.511574583999110
215.541666666667	0.511568080702252
215.562500000000	0.511561593747371
215.583333333333	0.511555123126324
215.604166666667	0.511548668830985
215.625000000000	0.511542230853244
215.645833333333	0.511535809185010
215.666666666667	0.511529403818211
215.687500000000	0.511523014744790
215.708333333333	0.511516641956709
215.729166666667	0.511510285445947
215.750000000000	0.511503945204504
215.770833333333	0.511497621224393
215.791666666667	0.511491313497648
215.812500000000	0.511485022016319
215.833333333333	0.511478746772475
215.854166666667	0.511472487758202
215.875000000000	0.511466244965605
215.895833333333	0.511460018386805
215.916666666667	0.511453808013943
215.937500000000	0.511447613839174
215.958333333333	0.511441435854676
215.979166666667	0.511435274052641
216.000000000000	0.511429128425280
216.020833333333	0.511422998964822
216.041666666667	0.511416885663514
216.062500000000	0.511410788513621
216.083333333333	0.511404707507425
216.104166666667	0.511398642637227
216.125000000000	0.511392593895345
216.145833333333	0.511386561274115
216.166666666667	0.511380544765891
216.187500000000	0.511374544363047
216.208333333333	0.511368560057970
216.229166666667	0.511362591843071
216.250000000000	0.511356639710774
216.270833333333	0.511350703653525
216.291666666667	0.511344783663783
216.312500000000	0.511338879734031
216.333333333333	0.511332991856765
216.354166666667	0.511327120024501
216.375000000000	0.511321264229774
216.395833333333	0.511315424465135
216.416666666667	0.511309600723155
216.437500000000	0.511303792996421
216.458333333333	0.511298001277540
216.479166666667	0.511292225559135
216.500000000000	0.511286465833849
216.520833333333	0.511280722094342
216.541666666667	0.511274994333293
216.562500000000	0.511269282543397
216.583333333333	0.511263586717371
216.604166666667	0.511257906847945
216.625000000000	0.511252242927872
216.645833333333	0.511246594949920
216.666666666667	0.511240962906876
216.687500000000	0.511235346791544
216.708333333333	0.511229746596750
216.729166666667	0.511224162315334
216.750000000000	0.511218593940155
216.770833333333	0.511213041464092
216.791666666667	0.511207504880041
216.812500000000	0.511201984180916
216.833333333333	0.511196479359650
216.854166666667	0.511190990409192
216.875000000000	0.511185517322513
216.895833333333	0.511180060092598
216.916666666667	0.511174618712454
216.937500000000	0.511169193175105
216.958333333333	0.511163783473590
216.979166666667	0.511158389600972
217.000000000000	0.511153011550329
217.020833333333	0.511147649314757
217.041666666667	0.511142302887370
217.062500000000	0.511136972261303
217.083333333333	0.511131657429706
217.104166666667	0.511126358385750
217.125000000000	0.511121075122623
217.145833333333	0.511115807633531
217.166666666667	0.511110555911699
217.187500000000	0.511105319950370
217.208333333333	0.511100099742806
217.229166666667	0.511094895282286
217.250000000000	0.511089706562109
217.270833333333	0.511084533575592
217.291666666667	0.511079376316069
217.312500000000	0.511074234776894
217.333333333333	0.511069108951438
217.354166666667	0.511063998833092
217.375000000000	0.511058904415264
217.395833333333	0.511053825691382
217.416666666667	0.511048762654890
217.437500000000	0.511043715299253
217.458333333333	0.511038683617953
217.479166666667	0.511033667604491
217.500000000000	0.511028667252385
217.520833333333	0.511023682555174
217.541666666667	0.511018713506413
217.562500000000	0.511013760099678
217.583333333333	0.511008822328561
217.604166666667	0.511003900186674
217.625000000000	0.510998993667648
217.645833333333	0.510994102765130
217.666666666667	0.510989227472788
217.687500000000	0.510984367784308
217.708333333333	0.510979523693393
217.729166666667	0.510974695193767
217.750000000000	0.510969882279170
217.770833333333	0.510965084943363
217.791666666667	0.510960303180125
217.812500000000	0.510955536983251
217.833333333333	0.510950786346557
217.854166666667	0.510946051263879
217.875000000000	0.510941331729067
217.895833333333	0.510936627735994
217.916666666667	0.510931939278550
217.937500000000	0.510927266350643
217.958333333333	0.510922608946200
217.979166666667	0.510917967059166
218.000000000000	0.510913340683508
218.020833333333	0.510908729813206
218.041666666667	0.510904134442264
218.062500000000	0.510899554564700
218.083333333333	0.510894990174556
218.104166666667	0.510890441265887
218.125000000000	0.510885907832770
218.145833333333	0.510881389869301
218.166666666667	0.510876887369593
218.187500000000	0.510872400327778
218.208333333333	0.510867928738008
218.229166666667	0.510863472594452
218.250000000000	0.510859031891299
218.270833333333	0.510854606622755
218.291666666667	0.510850196783048
218.312500000000	0.510845802366421
218.333333333333	0.510841423367139
218.354166666667	0.510837059779483
218.375000000000	0.510832711597753
218.395833333333	0.510828378816271
218.416666666667	0.510824061429374
218.437500000000	0.510819759431420
218.458333333333	0.510815472816784
218.479166666667	0.510811201579861
218.500000000000	0.510806945715065
218.520833333333	0.510802705216829
218.541666666667	0.510798480079603
218.562500000000	0.510794270297858
218.583333333333	0.510790075866081
218.604166666667	0.510785896778782
218.625000000000	0.510781733030486
218.645833333333	0.510777584615739
218.666666666667	0.510773451529105
218.687500000000	0.510769333765167
218.708333333333	0.510765231318526
218.729166666667	0.510761144183804
218.750000000000	0.510757072355640
218.770833333333	0.510753015828692
218.791666666667	0.510748974597638
218.812500000000	0.510744948657175
218.833333333333	0.510740938002016
218.854166666667	0.510736942626896
218.875000000000	0.510732962526569
218.895833333333	0.510728997695805
218.916666666667	0.510725048129396
218.937500000000	0.510721113822151
218.958333333333	0.510717194768900
218.979166666667	0.510713290964488
219.000000000000	0.510709402403784
219.020833333333	0.510705529081671
219.041666666667	0.510701670993056
219.062500000000	0.510697828132861
219.083333333333	0.510694000496027
219.104166666667	0.510690188077518
219.125000000000	0.510686390872311
219.145833333333	0.510682608875409
219.166666666667	0.510678842081826
219.187500000000	0.510675090486603
219.208333333333	0.510671354084794
219.229166666667	0.510667632871474
219.250000000000	0.510663926841738
219.270833333333	0.510660235990700
219.291666666667	0.510656560313491
219.312500000000	0.510652899805262
219.333333333333	0.510649254461184
219.354166666667	0.510645624276446
219.375000000000	0.510642009246256
219.395833333333	0.510638409365843
219.416666666667	0.510634824630452
219.437500000000	0.510631255035348
219.458333333333	0.510627700575817
219.479166666667	0.510624161247162
219.500000000000	0.510620637044706
219.520833333333	0.510617127963790
219.541666666667	0.510613633999776
219.562500000000	0.510610155148043
219.583333333333	0.510606691403990
219.604166666667	0.510603242763036
219.625000000000	0.510599809220619
219.645833333333	0.510596390772193
219.666666666667	0.510592987413235
219.687500000000	0.510589599139239
219.708333333333	0.510586225945720
219.729166666667	0.510582867828209
219.750000000000	0.510579524782259
219.770833333333	0.510576196803442
219.791666666667	0.510572883887346
219.812500000000	0.510569586029583
219.833333333333	0.510566303225780
219.854166666667	0.510563035471585
219.875000000000	0.510559782762665
219.895833333333	0.510556545094707
219.916666666667	0.510553322463415
219.937500000000	0.510550114864513
219.958333333333	0.510546922293747
219.979166666667	0.510543744746877
220.000000000000	0.510540582219687
220.020833333333	0.510537434707978
220.041666666667	0.510534302207569
220.062500000000	0.510531184714301
220.083333333333	0.510528082224033
220.104166666667	0.510524994732642
220.125000000000	0.510521922236025
220.145833333333	0.510518864730100
220.166666666667	0.510515822210802
220.187500000000	0.510512794674086
220.208333333333	0.510509782115926
220.229166666667	0.510506784532316
220.250000000000	0.510503801919268
220.270833333333	0.510500834272814
220.291666666667	0.510497881589006
220.312500000000	0.510494943863914
220.333333333333	0.510492021093628
220.354166666667	0.510489113274256
220.375000000000	0.510486220401927
220.395833333333	0.510483342472790
220.416666666667	0.510480479483009
220.437500000000	0.510477631428772
220.458333333333	0.510474798306285
220.479166666667	0.510471980111771
220.500000000000	0.510469176841475
220.520833333333	0.510466388491660
220.541666666667	0.510463615058610
220.562500000000	0.510460856538625
220.583333333333	0.510458112928027
220.604166666667	0.510455384223157
220.625000000000	0.510452670420375
220.645833333333	0.510449971516060
220.666666666667	0.510447287506611
220.687500000000	0.510444618388445
220.708333333333	0.510441964158000
220.729166666667	0.510439324811732
220.750000000000	0.510436700346118
220.770833333333	0.510434090757653
220.791666666667	0.510431496042851
220.812500000000	0.510428916198247
220.833333333333	0.510426351220394
220.854166666667	0.510423801105865
220.875000000000	0.510421265851251
220.895833333333	0.510418745453166
220.916666666667	0.510416239908239
220.937500000000	0.510413749213120
220.958333333333	0.510411273364481
220.979166666667	0.510408812359009
221.000000000000	0.510406366193413
221.020833333333	0.510403934864421
221.041666666667	0.510401518368780
221.062500000000	0.510399116703258
221.083333333333	0.510396729864639
221.104166666667	0.510394357849731
221.125000000000	0.510392000655357
221.145833333333	0.510389658278362
221.166666666667	0.510387330715610
221.187500000000	0.510385017963984
221.208333333333	0.510382720020387
221.229166666667	0.510380436881741
221.250000000000	0.510378168544987
221.270833333333	0.510375915007086
221.291666666667	0.510373676265020
221.312500000000	0.510371452315787
221.333333333333	0.510369243156407
221.354166666667	0.510367048783919
221.375000000000	0.510364869195381
221.395833333333	0.510362704387870
221.416666666667	0.510360554358485
221.437500000000	0.510358419104341
221.458333333333	0.510356298622575
221.479166666667	0.510354192910342
221.500000000000	0.510352101964818
221.520833333333	0.510350025783197
221.541666666667	0.510347964362692
221.562500000000	0.510345917700538
221.583333333333	0.510343885793987
221.604166666667	0.510341868640313
221.625000000000	0.510339866236806
221.645833333333	0.510337878580779
221.666666666667	0.510335905669563
221.687500000000	0.510333947500507
221.708333333333	0.510332004070983
221.729166666667	0.510330075378379
221.750000000000	0.510328161420105
221.770833333333	0.510326262193589
221.791666666667	0.510324377696279
221.812500000000	0.510322507925643
221.833333333333	0.510320652879169
221.854166666667	0.510318812554362
221.875000000000	0.510316986948749
221.895833333333	0.510315176059875
221.916666666667	0.510313379885307
221.937500000000	0.510311598422628
221.958333333333	0.510309831669444
221.979166666667	0.510308079623377
222.000000000000	0.510306342282072
222.020833333333	0.510304619643191
222.041666666667	0.510302911704417
222.062500000000	0.510301218463453
222.083333333333	0.510299539918019
222.104166666667	0.510297876065857
222.125000000000	0.510296226904728
222.145833333333	0.510294592432411
222.166666666667	0.510292972646709
222.187500000000	0.510291367545438
222.208333333333	0.510289777126439
222.229166666667	0.510288201387570
222.250000000000	0.510286640326710
222.270833333333	0.510285093941756
222.291666666667	0.510283562230626
222.312500000000	0.510282045191256
222.333333333333	0.510280542821603
222.354166666667	0.510279055119644
222.375000000000	0.510277582083373
222.395833333333	0.510276123710807
222.416666666667	0.510274679999981
222.437500000000	0.510273250948947
222.458333333333	0.510271836555782
222.479166666667	0.510270436818579
222.500000000000	0.510269051735450
222.520833333333	0.510267681304529
222.541666666667	0.510266325523969
222.562500000000	0.510264984391941
222.583333333333	0.510263657906638
222.604166666667	0.510262346066270
222.625000000000	0.510261048869068
222.645833333333	0.510259766313284
222.666666666667	0.510258498397188
222.687500000000	0.510257245119069
222.708333333333	0.510256006477237
222.729166666667	0.510254782470021
222.750000000000	0.510253573095769
222.770833333333	0.510252378352851
222.791666666667	0.510251198239653
222.812500000000	0.510250032754584
222.833333333333	0.510248881896071
222.854166666667	0.510247745662561
222.875000000000	0.510246624052521
222.895833333333	0.510245517064436
222.916666666667	0.510244424696812
222.937500000000	0.510243346948175
222.958333333333	0.510242283817070
222.979166666667	0.510241235302061
223.000000000000	0.510240201401734
223.020833333333	0.510239182114692
223.041666666667	0.510238177439559
223.062500000000	0.510237187374978
223.083333333333	0.510236211919612
223.104166666667	0.510235251072144
223.125000000000	0.510234304831276
223.145833333333	0.510233373195731
223.166666666667	0.510232456164249
223.187500000000	0.510231553735592
223.208333333333	0.510230665908542
223.229166666667	0.510229792681898
223.250000000000	0.510228934054481
223.270833333333	0.510228090025131
223.291666666667	0.510227260592708
223.312500000000	0.510226445756091
223.333333333333	0.510225645514178
223.354166666667	0.510224859865889
223.375000000000	0.510224088810162
223.395833333333	0.510223332345955
223.416666666667	0.510222590472245
223.437500000000	0.510221863188031
223.458333333333	0.510221150492328
223.479166666667	0.510220452384173
223.500000000000	0.510219768862624
223.520833333333	0.510219099926755
223.541666666667	0.510218445575663
223.562500000000	0.510217805808464
223.583333333333	0.510217180624292
223.604166666667	0.510216570022301
223.625000000000	0.510215974001667
223.645833333333	0.510215392561584
223.666666666667	0.510214825701266
223.687500000000	0.510214273419945
223.708333333333	0.510213735716876
223.729166666667	0.510213212591331
223.750000000000	0.510212704042603
223.770833333333	0.510212210070005
223.791666666667	0.510211730672867
223.812500000000	0.510211265850542
223.833333333333	0.510210815602401
223.854166666667	0.510210379927836
223.875000000000	0.510209958826256
223.895833333333	0.510209552297093
223.916666666667	0.510209160339797
223.937500000000	0.510208782953837
223.958333333333	0.510208420138704
223.979166666667	0.510208071893905
224.000000000000	0.510207738218971
224.020833333333	0.510207419113450
224.041666666667	0.510207114576910
224.062500000000	0.510206824608940
224.083333333333	0.510206549209147
224.104166666667	0.510206288377158
224.125000000000	0.510206042112621
224.145833333333	0.510205810415202
224.166666666667	0.510205593284588
224.187500000000	0.510205390720486
224.208333333333	0.510205202722621
224.229166666667	0.510205029290739
224.250000000000	0.510204870424606
224.270833333333	0.510204726124006
224.291666666667	0.510204596388744
224.312500000000	0.510204481218645
224.333333333333	0.510204380613552
224.354166666667	0.510204294573330
224.375000000000	0.510204223097863
224.395833333333	0.510204166187054
224.416666666667	0.510204123840825
224.437500000000	0.510204096059119
224.458333333333	0.510204082841899
224.479166666667	0.510204084189147
224.500000000000	0.510204100100865
224.520833333333	0.510204130577074
224.541666666667	0.510204175617815
224.562500000000	0.510204235223150
224.583333333333	0.510204309393159
224.604166666667	0.510204398127942
224.625000000000	0.510204501427620
224.645833333333	0.510204619292332
224.666666666667	0.510204751722237
224.687500000000	0.510204898717516
224.708333333333	0.510205060278366
224.729166666667	0.510205236405006
224.750000000000	0.510205427097675
224.770833333333	0.510205632356631
224.791666666667	0.510205852182150
224.812500000000	0.510206086574532
224.833333333333	0.510206335534092
224.854166666667	0.510206599061167
224.875000000000	0.510206877156115
224.895833333333	0.510207169819310
224.916666666667	0.510207477051150
224.937500000000	0.510207798852049
224.958333333333	0.510208135222443
224.979166666667	0.510208486162788
225.000000000000	0.510208851673556
225.020833333333	0.510209231755244
225.041666666667	0.510209626408365
225.062500000000	0.510210035633453
225.083333333333	0.510210459431061
225.104166666667	0.510210897801763
225.125000000000	0.510211350746151
225.145833333333	0.510211818264839
225.166666666667	0.510212300358457
225.187500000000	0.510212797027659
225.208333333333	0.510213308273116
225.229166666667	0.510213834095518
225.250000000000	0.510214374495579
225.270833333333	0.510214929474027
225.291666666667	0.510215499031614
225.312500000000	0.510216083169109
225.333333333333	0.510216681887302
225.354166666667	0.510217295187003
225.375000000000	0.510217923069041
225.395833333333	0.510218565534265
225.416666666667	0.510219222583543
225.437500000000	0.510219894217764
225.458333333333	0.510220580437835
225.479166666667	0.510221281244684
225.500000000000	0.510221996639259
225.520833333333	0.510222726622526
225.541666666667	0.510223471195471
225.562500000000	0.510224230359102
225.583333333333	0.510225004114444
225.604166666667	0.510225792462543
225.625000000000	0.510226595404463
225.645833333333	0.510227412941291
225.666666666667	0.510228245074131
225.687500000000	0.510229091804107
225.708333333333	0.510229953132363
225.729166666667	0.510230829060062
225.750000000000	0.510231719588389
225.770833333333	0.510232624718546
225.791666666667	0.510233544451756
225.812500000000	0.510234478789261
225.833333333333	0.510235427732323
225.854166666667	0.510236391282223
225.875000000000	0.510237369440264
225.895833333333	0.510238362207766
225.916666666667	0.510239369586070
225.937500000000	0.510240391576535
225.958333333333	0.510241428180543
225.979166666667	0.510242479399492
226.000000000000	0.510243545234802
226.020833333333	0.510244625687911
226.041666666667	0.510245720760279
226.062500000000	0.510246830453383
226.083333333333	0.510247954768721
226.104166666667	0.510249093707810
226.125000000000	0.510250247272188
226.145833333333	0.510251415463412
226.166666666667	0.510252598283057
226.187500000000	0.510253795732721
226.208333333333	0.510255007814017
226.229166666667	0.510256234528583
226.250000000000	0.510257475878072
226.270833333333	0.510258731864159
226.291666666667	0.510260002488538
226.312500000000	0.510261287752924
226.333333333333	0.510262587659049
226.354166666667	0.510263902208666
226.375000000000	0.510265231403548
226.395833333333	0.510266575245488
226.416666666667	0.510267933736297
226.437500000000	0.510269306877807
226.458333333333	0.510270694671868
226.479166666667	0.510272097120352
226.500000000000	0.510273514225149
226.520833333333	0.510274945988169
226.541666666667	0.510276392411340
226.562500000000	0.510277853496614
226.583333333333	0.510279329245957
226.604166666667	0.510280819661358
226.625000000000	0.510282324744825
226.645833333333	0.510283844498387
226.666666666667	0.510285378924089
226.687500000000	0.510286928023999
226.708333333333	0.510288491800202
226.729166666667	0.510290070254804
226.750000000000	0.510291663389932
226.770833333333	0.510293271207729
226.791666666667	0.510294893710361
226.812500000000	0.510296530900012
226.833333333333	0.510298182778885
226.854166666667	0.510299849349203
226.875000000000	0.510301530613210
226.895833333333	0.510303226573168
226.916666666667	0.510304937231358
226.937500000000	0.510306662590082
226.958333333333	0.510308402651662
226.979166666667	0.510310157418438
227.000000000000	0.510311926892770
227.020833333333	0.510313711077038
227.041666666667	0.510315509973640
227.062500000000	0.510317323584997
227.083333333333	0.510319151913546
227.104166666667	0.510320994961745
227.125000000000	0.510322852732072
227.145833333333	0.510324725227023
227.166666666667	0.510326612449115
227.187500000000	0.510328514400884
227.208333333333	0.510330431084885
227.229166666667	0.510332362503695
227.250000000000	0.510334308659905
227.270833333333	0.510336269556133
227.291666666667	0.510338245195009
227.312500000000	0.510340235579189
227.333333333333	0.510342240711344
227.354166666667	0.510344260594167
227.375000000000	0.510346295230369
227.395833333333	0.510348344622681
227.416666666667	0.510350408773854
227.437500000000	0.510352487686658
227.458333333333	0.510354581363882
227.479166666667	0.510356689808336
227.500000000000	0.510358813022848
227.520833333333	0.510360951010266
227.541666666667	0.510363103773457
227.562500000000	0.510365271315309
227.583333333333	0.510367453638728
227.604166666667	0.510369650746639
227.625000000000	0.510371862641989
227.645833333333	0.510374089327742
227.666666666667	0.510376330806883
227.687500000000	0.510378587082414
227.708333333333	0.510380858157359
227.729166666667	0.510383144034761
227.750000000000	0.510385444717682
227.770833333333	0.510387760209203
227.791666666667	0.510390090512426
227.812500000000	0.510392435630470
227.833333333333	0.510394795566475
227.854166666667	0.510397170323601
227.875000000000	0.510399559905027
227.895833333333	0.510401964313950
227.916666666667	0.510404383553587
227.937500000000	0.510406817627176
227.958333333333	0.510409266537973
227.979166666667	0.510411730289254
228.000000000000	0.510414208884313
228.020833333333	0.510416702326466
228.041666666667	0.510419210619045
228.062500000000	0.510421733765405
228.083333333333	0.510424271768918
228.104166666667	0.510426824632976
228.125000000000	0.510429392360991
228.145833333333	0.510431974956392
228.166666666667	0.510434572422631
228.187500000000	0.510437184763177
228.208333333333	0.510439811981519
228.229166666667	0.510442454081164
228.250000000000	0.510445111065641
228.270833333333	0.510447782938497
228.291666666667	0.510450469703298
228.312500000000	0.510453171363629
228.333333333333	0.510455887923095
228.354166666667	0.510458619385321
228.375000000000	0.510461365753951
228.395833333333	0.510464127032646
228.416666666667	0.510466903225090
228.437500000000	0.510469694334985
228.458333333333	0.510472500366050
228.479166666667	0.510475321322027
228.500000000000	0.510478157206675
228.520833333333	0.510481008023772
228.541666666667	0.510483873777117
228.562500000000	0.510486754470528
228.583333333333	0.510489650107840
228.604166666667	0.510492560692910
228.625000000000	0.510495486229614
228.645833333333	0.510498426721845
228.666666666667	0.510501382173517
228.687500000000	0.510504352588565
228.708333333333	0.510507337970939
228.729166666667	0.510510338324611
228.750000000000	0.510513353653573
228.770833333333	0.510516383961835
228.791666666667	0.510519429253426
228.812500000000	0.510522489532393
228.833333333333	0.510525564802807
228.854166666667	0.510528655068752
228.875000000000	0.510531760334336
228.895833333333	0.510534880603684
228.916666666667	0.510538015880942
228.937500000000	0.510541166170271
228.958333333333	0.510544331475857
228.979166666667	0.510547511801901
229.000000000000	0.510550707152625
229.020833333333	0.510553917532269
229.041666666667	0.510557142945094
229.062500000000	0.510560383395378
229.083333333333	0.510563638887420
229.104166666667	0.510566909425538
229.125000000000	0.510570195014067
229.145833333333	0.510573495657364
229.166666666667	0.510576811359803
229.187500000000	0.510580142125780
229.208333333333	0.510583487959706
229.229166666667	0.510586848866015
229.250000000000	0.510590224849157
229.270833333333	0.510593615913605
229.291666666667	0.510597022063846
229.312500000000	0.510600443304392
229.333333333333	0.510603879639768
229.354166666667	0.510607331074523
229.375000000000	0.510610797613223
229.395833333333	0.510614279260453
229.416666666667	0.510617776020818
229.437500000000	0.510621287898941
229.458333333333	0.510624814899465
229.479166666667	0.510628357027051
229.500000000000	0.510631914286381
229.520833333333	0.510635486682155
229.541666666667	0.510639074219090
229.562500000000	0.510642676901926
229.583333333333	0.510646294735419
229.604166666667	0.510649927724346
229.625000000000	0.510653575873502
229.645833333333	0.510657239187700
229.666666666667	0.510660917671774
229.687500000000	0.510664611330577
229.708333333333	0.510668320168980
229.729166666667	0.510672044191873
229.750000000000	0.510675783404164
229.770833333333	0.510679537810784
229.791666666667	0.510683307416679
229.812500000000	0.510687092226815
229.833333333333	0.510690892246177
229.854166666667	0.510694707479771
229.875000000000	0.510698537932619
229.895833333333	0.510702383609763
229.916666666667	0.510706244516266
229.937500000000	0.510710120657206
229.958333333333	0.510714012037683
229.979166666667	0.510717918662815
230.000000000000	0.510721840537740
230.020833333333	0.510725777667613
230.041666666667	0.510729730057609
230.062500000000	0.510733697712922
230.083333333333	0.510737680638765
230.104166666667	0.510741678840369
230.125000000000	0.510745692322985
230.145833333333	0.510749721091882
230.166666666667	0.510753765152349
230.187500000000	0.510757824509694
230.208333333333	0.510761899169241
230.229166666667	0.510765989136337
230.250000000000	0.510770094416345
230.270833333333	0.510774215014649
230.291666666667	0.510778350936648
230.312500000000	0.510782502187765
230.333333333333	0.510786668773438
230.354166666667	0.510790850699126
230.375000000000	0.510795047970306
230.395833333333	0.510799260592473
230.416666666667	0.510803488571142
230.437500000000	0.510807731911847
230.458333333333	0.510811990620139
230.479166666667	0.510816264701591
230.500000000000	0.510820554161792
230.520833333333	0.510824859006350
230.541666666667	0.510829179240893
230.562500000000	0.510833514871067
230.583333333333	0.510837865902538
230.604166666667	0.510842232340989
230.625000000000	0.510846614192123
230.645833333333	0.510851011461660
230.666666666667	0.510855424155342
230.687500000000	0.510859852278926
230.708333333333	0.510864295838191
230.729166666667	0.510868754838932
230.750000000000	0.510873229286965
230.770833333333	0.510877719188122
230.791666666667	0.510882224548258
230.812500000000	0.510886745373241
230.833333333333	0.510891281668963
230.854166666667	0.510895833441333
230.875000000000	0.510900400696276
230.895833333333	0.510904983439738
230.916666666667	0.510909581677685
230.937500000000	0.510914195416100
230.958333333333	0.510918824660983
230.979166666667	0.510923469418356
231.000000000000	0.510928129694258
231.020833333333	0.510932805494745
231.041666666667	0.510937496825896
231.062500000000	0.510942203693804
231.083333333333	0.510946926104583
231.104166666667	0.510951664064365
231.125000000000	0.510956417579301
231.145833333333	0.510961186655560
231.166666666667	0.510965971299331
231.187500000000	0.510970771516819
231.208333333333	0.510975587314249
231.229166666667	0.510980418697867
231.250000000000	0.510985265673932
231.270833333333	0.510990128248726
231.291666666667	0.510995006428549
231.312500000000	0.510999900219718
231.333333333333	0.511004809628570
231.354166666667	0.511009734661458
231.375000000000	0.511014675324757
231.395833333333	0.511019631624859
231.416666666667	0.511024603568173
231.437500000000	0.511029591161128
231.458333333333	0.511034594410173
231.479166666667	0.511039613321771
231.500000000000	0.511044647902408
231.520833333333	0.511049698158587
231.541666666667	0.511054764096828
231.562500000000	0.511059845723671
231.583333333333	0.511064943045673
231.604166666667	0.511070056069413
231.625000000000	0.511075184801483
231.645833333333	0.511080329248498
231.666666666667	0.511085489417089
231.687500000000	0.511090665313905
231.708333333333	0.511095856945617
231.729166666667	0.511101064318910
231.750000000000	0.511106287440488
231.770833333333	0.511111526317077
231.791666666667	0.511116780955418
231.812500000000	0.511122051362271
231.833333333333	0.511127337544415
231.854166666667	0.511132639508646
231.875000000000	0.511137957261780
231.895833333333	0.511143290810651
231.916666666667	0.511148640162109
231.937500000000	0.511154005323026
231.958333333333	0.511159386300290
231.979166666667	0.511164783100807
232.000000000000	0.511170195731503
232.020833333333	0.511175624199321
232.041666666667	0.511181068511222
232.062500000000	0.511186528674186
232.083333333333	0.511192004695211
232.104166666667	0.511197496581314
232.125000000000	0.511203004339529
232.145833333333	0.511208527976908
232.166666666667	0.511214067500523
232.187500000000	0.511219622917462
232.208333333333	0.511225194234834
232.229166666667	0.511230781459762
232.250000000000	0.511236384599393
232.270833333333	0.511242003660886
232.291666666667	0.511247638651421
232.312500000000	0.511253289578198
232.333333333333	0.511258956448432
232.354166666667	0.511264639269359
232.375000000000	0.511270338048229
232.395833333333	0.511276052792315
232.416666666667	0.511281783508904
232.437500000000	0.511287530205305
232.458333333333	0.511293292888841
232.479166666667	0.511299071566855
232.500000000000	0.511304866246710
232.520833333333	0.511310676935783
232.541666666667	0.511316503641473
232.562500000000	0.511322346371194
232.583333333333	0.511328205132381
232.604166666667	0.511334079932483
232.625000000000	0.511339970778971
232.645833333333	0.511345877679333
232.666666666667	0.511351800641073
232.687500000000	0.511357739671714
232.708333333333	0.511363694778800
232.729166666667	0.511369665969887
232.750000000000	0.511375653252555
232.770833333333	0.511381656634398
232.791666666667	0.511387676123029
232.812500000000	0.511393711726081
232.833333333333	0.511399763451200
232.854166666667	0.511405831306056
232.875000000000	0.511411915298333
232.895833333333	0.511418015435733
232.916666666667	0.511424131725977
232.937500000000	0.511430264176804
232.958333333333	0.511436412795971
232.979166666667	0.511442577591252
233.000000000000	0.511448758570439
233.020833333333	0.511454955741342
233.041666666667	0.511461169111789
233.062500000000	0.511467398689626
233.083333333333	0.511473644482717
233.104166666667	0.511479906498942
233.125000000000	0.511486184746201
233.145833333333	0.511492479232412
233.166666666667	0.511498789965508
233.187500000000	0.511505116953442
233.208333333333	0.511511460204185
233.229166666667	0.511517819725725
233.250000000000	0.511524195526067
233.270833333333	0.511530587613235
233.291666666667	0.511536995995270
233.312500000000	0.511543420680232
233.333333333333	0.511549861676196
233.354166666667	0.511556318991258
233.375000000000	0.511562792633529
233.395833333333	0.511569282611139
233.416666666667	0.511575788932236
233.437500000000	0.511582311604984
233.458333333333	0.511588850637567
233.479166666667	0.511595406038184
233.500000000000	0.511601977815054
233.520833333333	0.511608565976412
233.541666666667	0.511615170530512
233.562500000000	0.511621791485624
233.583333333333	0.511628428850036
233.604166666667	0.511635082632056
233.625000000000	0.511641752840005
233.645833333333	0.511648439482226
233.666666666667	0.511655142567077
233.687500000000	0.511661862102934
233.708333333333	0.511668598098190
233.729166666667	0.511675350561258
233.750000000000	0.511682119500566
233.770833333333	0.511688904924559
233.791666666667	0.511695706841703
233.812500000000	0.511702525260477
233.833333333333	0.511709360189382
233.854166666667	0.511716211636932
233.875000000000	0.511723079611661
233.895833333333	0.511729964122121
233.916666666667	0.511736865176879
233.937500000000	0.511743782784523
233.958333333333	0.511750716953654
233.979166666667	0.511757667692894
234.000000000000	0.511764635010880
234.020833333333	0.511771618916269
234.041666666667	0.511778619417732
234.062500000000	0.511785636523960
234.083333333333	0.511792670243661
234.104166666667	0.511799720585559
234.125000000000	0.511806787558395
234.145833333333	0.511813871170931
234.166666666667	0.511820971431942
234.187500000000	0.511828088350223
234.208333333333	0.511835221934584
234.229166666667	0.511842372193855
234.250000000000	0.511849539136880
234.270833333333	0.511856722772524
234.291666666667	0.511863923109667
234.312500000000	0.511871140157205
234.333333333333	0.511878373924054
234.354166666667	0.511885624419145
234.375000000000	0.511892891651429
234.395833333333	0.511900175629870
234.416666666667	0.511907476363452
234.437500000000	0.511914793861177
234.458333333333	0.511922128132062
234.479166666667	0.511929479185142
234.500000000000	0.511936847029468
234.520833333333	0.511944231674110
234.541666666667	0.511951633128155
234.562500000000	0.511959051400705
234.583333333333	0.511966486500881
234.604166666667	0.511973938437820
234.625000000000	0.511981407220678
234.645833333333	0.511988892858624
234.666666666667	0.511996395360850
234.687500000000	0.512003914736559
234.708333333333	0.512011450994974
234.729166666667	0.512019004145336
234.750000000000	0.512026574196900
234.770833333333	0.512034161158941
234.791666666667	0.512041765040749
234.812500000000	0.512049385851632
234.833333333333	0.512057023600913
234.854166666667	0.512064678297935
234.875000000000	0.512072349952056
234.895833333333	0.512080038572651
234.916666666667	0.512087744169112
234.937500000000	0.512095466750848
234.958333333333	0.512103206327286
234.979166666667	0.512110962907868
235.000000000000	0.512118736502053
235.020833333333	0.512126527119318
235.041666666667	0.512134334769157
235.062500000000	0.512142159461079
235.083333333333	0.512150001204611
235.104166666667	0.512157860009297
235.125000000000	0.512165735884698
235.145833333333	0.512173628840391
235.166666666667	0.512181538885969
235.187500000000	0.512189466031044
235.208333333333	0.512197410285242
235.229166666667	0.512205371658209
235.250000000000	0.512213350159605
235.270833333333	0.512221345799108
235.291666666667	0.512229358586412
235.312500000000	0.512237388531227
235.333333333333	0.512245435643282
235.354166666667	0.512253499932321
235.375000000000	0.512261581408105
235.395833333333	0.512269680080410
235.416666666667	0.512277795959032
235.437500000000	0.512285929053781
235.458333333333	0.512294079374485
235.479166666667	0.512302246930987
235.500000000000	0.512310431733147
235.520833333333	0.512318633790843
235.541666666667	0.512326853113968
235.562500000000	0.512335089712433
235.583333333333	0.512343343596164
235.604166666667	0.512351614775103
235.625000000000	0.512359903259211
235.645833333333	0.512368209058464
235.666666666667	0.512376532182854
235.687500000000	0.512384872642389
235.708333333333	0.512393230447096
235.729166666667	0.512401605607016
235.750000000000	0.512409998132208
235.770833333333	0.512418408032745
235.791666666667	0.512426835318720
235.812500000000	0.512435280000239
235.833333333333	0.512443742087426
235.854166666667	0.512452221590421
235.875000000000	0.512460718519381
235.895833333333	0.512469232884478
235.916666666667	0.512477764695901
235.937500000000	0.512486313963856
235.958333333333	0.512494880698565
235.979166666667	0.512503464910265
236.000000000000	0.512512066609210
236.020833333333	0.512520685805671
236.041666666667	0.512529322509934
236.062500000000	0.512537976732303
236.083333333333	0.512546648483096
236.104166666667	0.512555337772649
236.125000000000	0.512564044611312
236.145833333333	0.512572769009455
236.166666666667	0.512581510977459
236.187500000000	0.512590270525726
236.208333333333	0.512599047664671
236.229166666667	0.512607842404726
236.250000000000	0.512616654756340
236.270833333333	0.512625484729977
236.291666666667	0.512634332336117
236.312500000000	0.512643197585257
236.333333333333	0.512652080487909
236.354166666667	0.512660981054601
236.375000000000	0.512669899295879
236.395833333333	0.512678835222303
236.416666666667	0.512687788844449
236.437500000000	0.512696760172909
236.458333333333	0.512705749218293
236.479166666667	0.512714755991225
236.500000000000	0.512723780502345
236.520833333333	0.512732822762309
236.541666666667	0.512741882781790
236.562500000000	0.512750960571475
236.583333333333	0.512760056142070
236.604166666667	0.512769169504292
236.625000000000	0.512778300668879
236.645833333333	0.512787449646582
236.666666666667	0.512796616448168
236.687500000000	0.512805801084420
236.708333333333	0.512815003566137
236.729166666667	0.512824223904135
236.750000000000	0.512833462109243
236.770833333333	0.512842718192309
236.791666666667	0.512851992164193
236.812500000000	0.512861284035774
236.833333333333	0.512870593817946
236.854166666667	0.512879921521616
236.875000000000	0.512889267157712
236.895833333333	0.512898630737172
236.916666666667	0.512908012270954
236.937500000000	0.512917411770028
236.958333333333	0.512926829245383
236.979166666667	0.512936264708022
237.000000000000	0.512945718168964
237.020833333333	0.512955189639241
237.041666666667	0.512964679129906
237.062500000000	0.512974186652022
237.083333333333	0.512983712216672
237.104166666667	0.512993255834951
237.125000000000	0.513002817517972
237.145833333333	0.513012397276862
237.166666666667	0.513021995122764
237.187500000000	0.513031611066837
237.208333333333	0.513041245120254
237.229166666667	0.513050897294206
237.250000000000	0.513060567599896
237.270833333333	0.513070256048545
237.291666666667	0.513079962651390
237.312500000000	0.513089687419680
237.333333333333	0.513099430364682
237.354166666667	0.513109191497678
237.375000000000	0.513118970829965
237.395833333333	0.513128768372856
237.416666666667	0.513138584137678
237.437500000000	0.513148418135774
237.458333333333	0.513158270378503
237.479166666667	0.513168140877239
237.500000000000	0.513178029643369
237.520833333333	0.513187936688298
237.541666666667	0.513197862023446
237.562500000000	0.513207805660247
237.583333333333	0.513217767610150
237.604166666667	0.513227747884621
237.625000000000	0.513237746495140
237.645833333333	0.513247763453201
237.666666666667	0.513257798770316
237.687500000000	0.513267852458009
237.708333333333	0.513277924527821
237.729166666667	0.513288014991308
237.750000000000	0.513298123860040
237.770833333333	0.513308251145603
237.791666666667	0.513318396859599
237.812500000000	0.513328561013642
237.833333333333	0.513338743619364
237.854166666667	0.513348944688410
237.875000000000	0.513359164232442
237.895833333333	0.513369402263134
237.916666666667	0.513379658792179
237.937500000000	0.513389933831280
237.958333333333	0.513400227392160
237.979166666667	0.513410539486553
238.000000000000	0.513420870126210
238.020833333333	0.513431219322896
238.041666666667	0.513441587088391
238.062500000000	0.513451973434491
238.083333333333	0.513462378373004
238.104166666667	0.513472801915755
238.125000000000	0.513483244074584
238.145833333333	0.513493704861345
238.166666666667	0.513504184287907
238.187500000000	0.513514682366152
238.208333333333	0.513525199107981
238.229166666667	0.513535734525305
238.250000000000	0.513546288630053
238.270833333333	0.513556861434167
238.291666666667	0.513567452949604
238.312500000000	0.513578063188336
238.333333333333	0.513588692162349
238.354166666667	0.513599339883645
238.375000000000	0.513610006364238
238.395833333333	0.513620691616160
238.416666666667	0.513631395651454
238.437500000000	0.513642118482181
238.458333333333	0.513652860120413
238.479166666667	0.513663620578240
238.500000000000	0.513674399867765
238.520833333333	0.513685198001104
238.541666666667	0.513696014990390
238.562500000000	0.513706850847768
238.583333333333	0.513717705585400
238.604166666667	0.513728579215461
238.625000000000	0.513739471750141
238.645833333333	0.513750383201642
238.666666666667	0.513761313582185
238.687500000000	0.513772262904000
238.708333333333	0.513783231179336
238.729166666667	0.513794218420454
238.750000000000	0.513805224639629
238.770833333333	0.513816249849151
238.791666666667	0.513827294061325
238.812500000000	0.513838357288469
238.833333333333	0.513849439542916
238.854166666667	0.513860540837012
238.875000000000	0.513871661183120
238.895833333333	0.513882800593613
238.916666666667	0.513893959080883
238.937500000000	0.513905136657331
238.958333333333	0.513916333335377
238.979166666667	0.513927549127452
239.000000000000	0.513938784046003
239.020833333333	0.513950038103489
239.041666666667	0.513961311312384
239.062500000000	0.513972603685177
239.083333333333	0.513983915234371
239.104166666667	0.513995245972480
239.125000000000	0.514006595912037
239.145833333333	0.514017965065585
239.166666666667	0.514029353445683
239.187500000000	0.514040761064901
239.208333333333	0.514052187935828
239.229166666667	0.514063634071063
239.250000000000	0.514075099483220
239.270833333333	0.514086584184926
239.291666666667	0.514098088188824
239.312500000000	0.514109611507570
239.333333333333	0.514121154153832
239.354166666667	0.514132716140293
239.375000000000	0.514144297479652
239.395833333333	0.514155898184618
239.416666666667	0.514167518267917
239.437500000000	0.514179157742286
239.458333333333	0.514190816620478
239.479166666667	0.514202494915259
239.500000000000	0.514214192639407
239.520833333333	0.514225909805717
239.541666666667	0.514237646426994
239.562500000000	0.514249402516060
239.583333333333	0.514261178085747
239.604166666667	0.514272973148905
239.625000000000	0.514284787718395
239.645833333333	0.514296621807090
239.666666666667	0.514308475427879
239.687500000000	0.514320348593666
239.708333333333	0.514332241317363
239.729166666667	0.514344153611902
239.750000000000	0.514356085490223
239.770833333333	0.514368036965284
239.791666666667	0.514380008050052
239.812500000000	0.514391998757512
239.833333333333	0.514404009100659
239.854166666667	0.514416039092502
239.875000000000	0.514428088746064
239.895833333333	0.514440158074383
239.916666666667	0.514452247090506
239.937500000000	0.514464355807498
239.958333333333	0.514476484238434
239.979166666667	0.514488632396404
240.000000000000	0.514500800294511
240.020833333333	0.514512987945870
240.041666666667	0.514525195363612
240.062500000000	0.514537422560877
240.083333333333	0.514549669550822
240.104166666667	0.514561936346616
240.125000000000	0.514574222961440
240.145833333333	0.514586529408490
240.166666666667	0.514598855700974
240.187500000000	0.514611201852113
240.208333333333	0.514623567875141
240.229166666667	0.514635953783306
240.250000000000	0.514648359589868
240.270833333333	0.514660785308101
240.291666666667	0.514673230951292
240.312500000000	0.514685696532739
240.333333333333	0.514698182065755
240.354166666667	0.514710687563666
240.375000000000	0.514723213039810
240.395833333333	0.514735758507538
240.416666666667	0.514748323980214
240.437500000000	0.514760909471215
240.458333333333	0.514773514993932
240.479166666667	0.514786140561766
240.500000000000	0.514798786188134
240.520833333333	0.514811451886463
240.541666666667	0.514824137670195
240.562500000000	0.514836843552783
240.583333333333	0.514849569547694
240.604166666667	0.514862315668408
240.625000000000	0.514875081928416
240.645833333333	0.514887868341223
240.666666666667	0.514900674920346
240.687500000000	0.514913501679316
240.708333333333	0.514926348631674
240.729166666667	0.514939215790977
240.750000000000	0.514952103170793
240.770833333333	0.514965010784700
240.791666666667	0.514977938646293
240.812500000000	0.514990886769176
240.833333333333	0.515003855166969
240.854166666667	0.515016843853301
240.875000000000	0.515029852841815
240.895833333333	0.515042882146166
240.916666666667	0.515055931780023
240.937500000000	0.515069001757065
240.958333333333	0.515082092090986
240.979166666667	0.515095202795490
241.000000000000	0.515108333884295
241.020833333333	0.515121485371130
241.041666666667	0.515134657269737
241.062500000000	0.515147849593871
241.083333333333	0.515161062357298
241.104166666667	0.515174295573797
241.125000000000	0.515187549257159
241.145833333333	0.515200823421188
241.166666666667	0.515214118079698
241.187500000000	0.515227433246518
241.208333333333	0.515240768935487
241.229166666667	0.515254125160458
241.250000000000	0.515267501935293
241.270833333333	0.515280899273871
241.291666666667	0.515294317190078
241.312500000000	0.515307755697816
241.333333333333	0.515321214810995
241.354166666667	0.515334694543542
241.375000000000	0.515348194909391
241.395833333333	0.515361715922492
241.416666666667	0.515375257596805
241.437500000000	0.515388819946302
241.458333333333	0.515402402984967
241.479166666667	0.515416006726797
241.500000000000	0.515429631185798
241.520833333333	0.515443276375991
241.541666666667	0.515456942311408
241.562500000000	0.515470629006092
241.583333333333	0.515484336474098
241.604166666667	0.515498064729492
241.625000000000	0.515511813786355
241.645833333333	0.515525583658777
241.666666666667	0.515539374360858
241.687500000000	0.515553185906715
241.708333333333	0.515567018310471
241.729166666667	0.515580871586264
241.750000000000	0.515594745748244
241.770833333333	0.515608640810570
241.791666666667	0.515622556787415
241.812500000000	0.515636493692962
241.833333333333	0.515650451541406
241.854166666667	0.515664430346955
241.875000000000	0.515678430123825
241.895833333333	0.515692450886248
241.916666666667	0.515706492648463
241.937500000000	0.515720555424725
241.958333333333	0.515734639229296
241.979166666667	0.515748744076452
242.000000000000	0.515762869980481
242.020833333333	0.515777016955679
242.041666666667	0.515791185016357
242.062500000000	0.515805374176835
242.083333333333	0.515819584451446
242.104166666667	0.515833815854534
242.125000000000	0.515848068400451
242.145833333333	0.515862342103566
242.166666666667	0.515876636978253
242.187500000000	0.515890953038903
242.208333333333	0.515905290299915
242.229166666667	0.515919648775698
242.250000000000	0.515934028480675
242.270833333333	0.515948429429279
242.291666666667	0.515962851635953
242.312500000000	0.515977295115153
242.333333333333	0.515991759881345
242.354166666667	0.516006245949006
242.375000000000	0.516020753332623
242.395833333333	0.516035282046696
242.416666666667	0.516049832105735
242.437500000000	0.516064403524261
242.458333333333	0.516078996316806
242.479166666667	0.516093610497912
242.500000000000	0.516108246082133
242.520833333333	0.516122903084034
242.541666666667	0.516137581518190
242.562500000000	0.516152281399187
242.583333333333	0.516167002741622
242.604166666667	0.516181745560103
242.625000000000	0.516196509869247
242.645833333333	0.516211295683685
242.666666666667	0.516226103018056
242.687500000000	0.516240931887010
242.708333333333	0.516255782305209
242.729166666667	0.516270654287325
242.750000000000	0.516285547848039
242.770833333333	0.516300463002045
242.791666666667	0.516315399764047
242.812500000000	0.516330358148758
242.833333333333	0.516345338170904
242.854166666667	0.516360339845218
242.875000000000	0.516375363186448
242.895833333333	0.516390408209349
242.916666666667	0.516405474928687
242.937500000000	0.516420563359239
242.958333333333	0.516435673515794
242.979166666667	0.516450805413147
243.000000000000	0.516465959066108
243.020833333333	0.516481134489495
243.041666666667	0.516496331698137
243.062500000000	0.516511550706871
243.083333333333	0.516526791530549
243.104166666667	0.516542054184027
243.125000000000	0.516557338682178
243.145833333333	0.516572645039881
243.166666666667	0.516587973272024
243.187500000000	0.516603323393509
243.208333333333	0.516618695419245
243.229166666667	0.516634089364154
243.250000000000	0.516649505243166
243.270833333333	0.516664943071220
243.291666666667	0.516680402863268
243.312500000000	0.516695884634270
243.333333333333	0.516711388399197
243.354166666667	0.516726914173028
243.375000000000	0.516742461970755
243.395833333333	0.516758031807378
243.416666666667	0.516773623697907
243.437500000000	0.516789237657363
243.458333333333	0.516804873700774
243.479166666667	0.516820531843181
243.500000000000	0.516836212099633
243.520833333333	0.516851914485191
243.541666666667	0.516867639014922
243.562500000000	0.516883385703907
243.583333333333	0.516899154567232
243.604166666667	0.516914945619998
243.625000000000	0.516930758877311
243.645833333333	0.516946594354289
243.666666666667	0.516962452066059
243.687500000000	0.516978332027759
243.708333333333	0.516994234254534
243.729166666667	0.517010158761541
243.750000000000	0.517026105563944
243.770833333333	0.517042074676920
243.791666666667	0.517058066115651
243.812500000000	0.517074079895333
243.833333333333	0.517090116031169
243.854166666667	0.517106174538370
243.875000000000	0.517122255432160
243.895833333333	0.517138358727769
243.916666666667	0.517154484440440
243.937500000000	0.517170632585421
243.958333333333	0.517186803177972
243.979166666667	0.517202996233362
244.000000000000	0.517219211766869
244.020833333333	0.517235449793781
244.041666666667	0.517251710329392
244.062500000000	0.517267993389010
244.083333333333	0.517284298987949
244.104166666667	0.517300627141531
244.125000000000	0.517316977865092
244.145833333333	0.517333351173972
244.166666666667	0.517349747083522
244.187500000000	0.517366165609104
244.208333333333	0.517382606766085
244.229166666667	0.517399070569844
244.250000000000	0.517415557035768
244.270833333333	0.517432066179253
244.291666666667	0.517448598015704
244.312500000000	0.517465152560535
244.333333333333	0.517481729829168
244.354166666667	0.517498329837035
244.375000000000	0.517514952599577
244.395833333333	0.517531598132242
244.416666666667	0.517548266450489
244.437500000000	0.517564957569784
244.458333333333	0.517581671505602
244.479166666667	0.517598408273427
244.500000000000	0.517615167888754
244.520833333333	0.517631950367081
244.541666666667	0.517648755723921
244.562500000000	0.517665583974791
244.583333333333	0.517682435135218
244.604166666667	0.517699309220739
244.625000000000	0.517716206246897
244.645833333333	0.517733126229246
244.666666666667	0.517750069183346
244.687500000000	0.517767035124769
244.708333333333	0.517784024069090
244.729166666667	0.517801036031898
244.750000000000	0.517818071028787
244.770833333333	0.517835129075360
244.791666666667	0.517852210187230
244.812500000000	0.517869314380015
244.833333333333	0.517886441669345
244.854166666667	0.517903592070856
244.875000000000	0.517920765600192
244.895833333333	0.517937962273007
244.916666666667	0.517955182104961
244.937500000000	0.517972425111724
244.958333333333	0.517989691308973
244.979166666667	0.518006980712395
245.000000000000	0.518024293337681
245.020833333333	0.518041629200535
245.041666666667	0.518058988316666
245.062500000000	0.518076370701791
245.083333333333	0.518093776371637
245.104166666667	0.518111205341937
245.125000000000	0.518128657628432
245.145833333333	0.518146133246873
245.166666666667	0.518163632213016
245.187500000000	0.518181154542627
245.208333333333	0.518198700251479
245.229166666667	0.518216269355352
245.250000000000	0.518233861870037
245.270833333333	0.518251477811329
245.291666666667	0.518269117195032
245.312500000000	0.518286780036958
245.333333333333	0.518304466352927
245.354166666667	0.518322176158766
245.375000000000	0.518339909470310
245.395833333333	0.518357666303402
245.416666666667	0.518375446673892
245.437500000000	0.518393250597637
245.458333333333	0.518411078090502
245.479166666667	0.518428929168361
245.500000000000	0.518446803847093
245.520833333333	0.518464702142586
245.541666666667	0.518482624070736
245.562500000000	0.518500569647444
245.583333333333	0.518518538888621
245.604166666667	0.518536531810183
245.625000000000	0.518554548428056
245.645833333333	0.518572588758171
245.666666666667	0.518590652816468
245.687500000000	0.518608740618892
245.708333333333	0.518626852181398
245.729166666667	0.518644987519946
245.750000000000	0.518663146650504
245.770833333333	0.518681329589048
245.791666666667	0.518699536351559
245.812500000000	0.518717766954027
245.833333333333	0.518736021412449
245.854166666667	0.518754299742828
245.875000000000	0.518772601961175
245.895833333333	0.518790928083506
245.916666666667	0.518809278125848
245.937500000000	0.518827652104230
245.958333333333	0.518846050034691
245.979166666667	0.518864471933278
246.000000000000	0.518882917816041
246.020833333333	0.518901387699040
246.041666666667	0.518919881598340
246.062500000000	0.518938399530014
246.083333333333	0.518956941510142
246.104166666667	0.518975507554809
246.125000000000	0.518994097680109
246.145833333333	0.519012711902140
246.166666666667	0.519031350237008
246.187500000000	0.519050012700828
246.208333333333	0.519068699309717
246.229166666667	0.519087410079802
246.250000000000	0.519106145027215
246.270833333333	0.519124904168095
246.291666666667	0.519143687518589
246.312500000000	0.519162495094847
246.333333333333	0.519181326913027
246.354166666667	0.519200182989297
246.375000000000	0.519219063339825
246.395833333333	0.519237967980790
246.416666666667	0.519256896928376
246.437500000000	0.519275850198773
246.458333333333	0.519294827808178
246.479166666667	0.519313829772793
246.500000000000	0.519332856108828
246.520833333333	0.519351906832497
246.541666666667	0.519370981960022
246.562500000000	0.519390081507632
246.583333333333	0.519409205491558
246.604166666667	0.519428353928042
246.625000000000	0.519447526833329
246.645833333333	0.519466724223671
246.666666666667	0.519485946115326
246.687500000000	0.519505192524559
246.708333333333	0.519524463467638
246.729166666667	0.519543758960840
246.750000000000	0.519563079020447
246.770833333333	0.519582423662746
246.791666666667	0.519601792904031
246.812500000000	0.519621186760601
246.833333333333	0.519640605248762
246.854166666667	0.519660048384823
246.875000000000	0.519679516185103
246.895833333333	0.519699008665923
246.916666666667	0.519718525843612
246.937500000000	0.519738067734503
246.958333333333	0.519757634354935
246.979166666667	0.519777225721255
247.000000000000	0.519796841849812
247.020833333333	0.519816482756963
247.041666666667	0.519836148459069
247.062500000000	0.519855838972498
247.083333333333	0.519875554313622
247.104166666667	0.519895294498820
247.125000000000	0.519915059544475
247.145833333333	0.519934849466975
247.166666666667	0.519954664282717
247.187500000000	0.519974504008099
247.208333333333	0.519994368659526
247.229166666667	0.520014258253409
247.250000000000	0.520034172806163
247.270833333333	0.520054112334209
247.291666666667	0.520074076853973
247.312500000000	0.520094066381887
247.333333333333	0.520114080934386
247.354166666667	0.520134120527912
247.375000000000	0.520154185178912
247.395833333333	0.520174274903837
247.416666666667	0.520194389719144
247.437500000000	0.520214529641295
247.458333333333	0.520234694686757
247.479166666667	0.520254884872000
247.500000000000	0.520275100213502
247.520833333333	0.520295340727745
247.541666666667	0.520315606431214
247.562500000000	0.520335897340400
247.583333333333	0.520356213471800
247.604166666667	0.520376554841915
247.625000000000	0.520396921467250
247.645833333333	0.520417313364316
247.666666666667	0.520437730549626
247.687500000000	0.520458173039702
247.708333333333	0.520478640851068
247.729166666667	0.520499134000252
247.750000000000	0.520519652503788
247.770833333333	0.520540196378214
247.791666666667	0.520560765640073
247.812500000000	0.520581360305913
247.833333333333	0.520601980392284
247.854166666667	0.520622625915743
247.875000000000	0.520643296892850
247.895833333333	0.520663993340171
247.916666666667	0.520684715274274
247.937500000000	0.520705462711734
247.958333333333	0.520726235669129
247.979166666667	0.520747034163040
248.000000000000	0.520767858210054
248.020833333333	0.520788707826763
248.041666666667	0.520809583029760
248.062500000000	0.520830483835646
248.083333333333	0.520851410261022
248.104166666667	0.520872362322498
248.125000000000	0.520893340036684
248.145833333333	0.520914343420196
248.166666666667	0.520935372489654
248.187500000000	0.520956427261680
248.208333333333	0.520977507752903
248.229166666667	0.520998613979954
248.250000000000	0.521019745959469
248.270833333333	0.521040903708087
248.291666666667	0.521062087242450
248.312500000000	0.521083296579207
248.333333333333	0.521104531735008
248.354166666667	0.521125792726507
248.375000000000	0.521147079570363
248.395833333333	0.521168392283237
248.416666666667	0.521189730881797
248.437500000000	0.521211095382710
248.458333333333	0.521232485802651
248.479166666667	0.521253902158295
248.500000000000	0.521275344466323
248.520833333333	0.521296812743418
248.541666666667	0.521318307006269
248.562500000000	0.521339827271565
248.583333333333	0.521361373556002
248.604166666667	0.521382945876276
248.625000000000	0.521404544249088
248.645833333333	0.521426168691144
248.666666666667	0.521447819219150
248.687500000000	0.521469495849818
248.708333333333	0.521491198599863
248.729166666667	0.521512927486001
248.750000000000	0.521534682524955
248.770833333333	0.521556463733447
248.791666666667	0.521578271128205
248.812500000000	0.521600104725959
248.833333333333	0.521621964543444
248.854166666667	0.521643850597394
248.875000000000	0.521665762904551
248.895833333333	0.521687701481656
248.916666666667	0.521709666345456
248.937500000000	0.521731657512699
248.958333333333	0.521753675000136
248.979166666667	0.521775718824521
249.000000000000	0.521797789002613
249.020833333333	0.521819885551172
249.041666666667	0.521842008486959
249.062500000000	0.521864157826742
249.083333333333	0.521886333587288
249.104166666667	0.521908535785370
249.125000000000	0.521930764437759
249.145833333333	0.521953019561235
249.166666666667	0.521975301172575
249.187500000000	0.521997609288562
249.208333333333	0.522019943925980
249.229166666667	0.522042305101616
249.250000000000	0.522064692832259
249.270833333333	0.522087107134703
249.291666666667	0.522109548025741
249.312500000000	0.522132015522170
249.333333333333	0.522154509640790
249.354166666667	0.522177030398401
249.375000000000	0.522199577811810
249.395833333333	0.522222151897821
249.416666666667	0.522244752673244
249.437500000000	0.522267380154889
249.458333333333	0.522290034359570
249.479166666667	0.522312715304102
249.500000000000	0.522335423005303
249.520833333333	0.522358157479991
249.541666666667	0.522380918744990
249.562500000000	0.522403706817123
249.583333333333	0.522426521713217
249.604166666667	0.522449363450098
249.625000000000	0.522472232044596
249.645833333333	0.522495127513545
249.666666666667	0.522518049873777
249.687500000000	0.522540999142128
249.708333333333	0.522563975335437
249.729166666667	0.522586978470542
249.750000000000	0.522610008564285
249.770833333333	0.522633065633508
249.791666666667	0.522656149695057
249.812500000000	0.522679260765778
249.833333333333	0.522702398862520
249.854166666667	0.522725564002131
249.875000000000	0.522748756201464
249.895833333333	0.522771975477373
249.916666666667	0.522795221846710
249.937500000000	0.522818495326334
249.958333333333	0.522841795933101
249.979166666667	0.522865123683870
250.000000000000	0.522888478595504
250.020833333333	0.522911860684862
250.041666666667	0.522935269968810
250.062500000000	0.522958706464211
250.083333333333	0.522982170187932
250.104166666667	0.523005661156841
250.125000000000	0.523029179387807
250.145833333333	0.523052724897698
250.166666666667	0.523076297703387
250.187500000000	0.523099897821746
250.208333333333	0.523123525269648
250.229166666667	0.523147180063968
250.250000000000	0.523170862221581
250.270833333333	0.523194571759366
250.291666666667	0.523218308694198
250.312500000000	0.523242073042958
250.333333333333	0.523265864822525
250.354166666667	0.523289684049779
250.375000000000	0.523313530741603
250.395833333333	0.523337404914879
250.416666666667	0.523361306586490
250.437500000000	0.523385235773320
250.458333333333	0.523409192492254
250.479166666667	0.523433176760178
250.500000000000	0.523457188593979
250.520833333333	0.523481228010543
250.541666666667	0.523505295026759
250.562500000000	0.523529389659514
250.583333333333	0.523553511925699
250.604166666667	0.523577661842201
250.625000000000	0.523601839425911
250.645833333333	0.523626044693721
250.666666666667	0.523650277662521
250.687500000000	0.523674538349203
250.708333333333	0.523698826770658
250.729166666667	0.523723142943779
250.750000000000	0.523747486885459
250.770833333333	0.523771858612591
250.791666666667	0.523796258142069
250.812500000000	0.523820685490784
250.833333333333	0.523845140675632
250.854166666667	0.523869623713507
250.875000000000	0.523894134621303
250.895833333333	0.523918673415913
250.916666666667	0.523943240114233
250.937500000000	0.523967834733157
250.958333333333	0.523992457289580
250.979166666667	0.524017107800396
251.000000000000	0.524041786282499
251.020833333333	0.524066492752785
251.041666666667	0.524091227228148
251.062500000000	0.524115989725481
251.083333333333	0.524140780261680
251.104166666667	0.524165598853638
251.125000000000	0.524190445518250
251.145833333333	0.524215320272408
251.166666666667	0.524240223133006
251.187500000000	0.524265154116937
251.208333333333	0.524290113241094
251.229166666667	0.524315100522369
251.250000000000	0.524340115977654
251.270833333333	0.524365159623840
251.291666666667	0.524390231477820
251.312500000000	0.524415331556483
251.333333333333	0.524440459876719
251.354166666667	0.524465616455418
251.375000000000	0.524490801309470
251.395833333333	0.524516014455761
251.416666666667	0.524541255911181
251.437500000000	0.524566525692617
251.458333333333	0.524591823816953
251.479166666667	0.524617150301077
251.500000000000	0.524642505161874
251.520833333333	0.524667888416226
251.541666666667	0.524693300081018
251.562500000000	0.524718740173132
251.583333333333	0.524744208709449
251.604166666667	0.524769705706851
251.625000000000	0.524795231182216
251.645833333333	0.524820785152424
251.666666666667	0.524846367634351
251.687500000000	0.524871978644876
251.708333333333	0.524897618200873
251.729166666667	0.524923286319216
251.750000000000	0.524948983016779
251.770833333333	0.524974708310435
251.791666666667	0.525000462217053
251.812500000000	0.525026244753505
251.833333333333	0.525052055936657
251.854166666667	0.525077895783378
251.875000000000	0.525103764310533
251.895833333333	0.525129661534987
251.916666666667	0.525155587473602
251.937500000000	0.525181542143241
251.958333333333	0.525207525560763
251.979166666667	0.525233537743027
252.000000000000	0.525259578706891
252.020833333333	0.525285648469209
252.041666666667	0.525311747046837
252.062500000000	0.525337874456627
252.083333333333	0.525364030715429
252.104166666667	0.525390215840092
252.125000000000	0.525416429847464
252.145833333333	0.525442672754391
252.166666666667	0.525468944577717
252.187500000000	0.525495245334283
252.208333333333	0.525521575040930
252.229166666667	0.525547933714496
252.250000000000	0.525574321371818
252.270833333333	0.525600738029731
252.291666666667	0.525627183705067
252.312500000000	0.525653658414657
252.333333333333	0.525680162175329
252.354166666667	0.525706695003910
252.375000000000	0.525733256917225
252.395833333333	0.525759847932095
252.416666666667	0.525786468065342
252.437500000000	0.525813117333782
252.458333333333	0.525839795754233
252.479166666667	0.525866503343507
252.500000000000	0.525893240118415
252.520833333333	0.525920006095768
252.541666666667	0.525946801292371
252.562500000000	0.525973625725028
252.583333333333	0.526000479410542
252.604166666667	0.526027362365712
252.625000000000	0.526054274607335
252.645833333333	0.526081216152206
252.666666666667	0.526108187017115
252.687500000000	0.526135187218853
252.708333333333	0.526162216774207
252.729166666667	0.526189275699960
252.750000000000	0.526216364012894
252.770833333333	0.526243481729788
252.791666666667	0.526270628867418
252.812500000000	0.526297805442557
252.833333333333	0.526325011471976
252.854166666667	0.526352246972441
252.875000000000	0.526379511960720
252.895833333333	0.526406806453572
252.916666666667	0.526434130467757
252.937500000000	0.526461484020032
252.958333333333	0.526488867127149
252.979166666667	0.526516279805859
253.000000000000	0.526543722072908
253.020833333333	0.526571193945040
253.041666666667	0.526598695438997
253.062500000000	0.526626226571516
253.083333333333	0.526653787359331
253.104166666667	0.526681377819175
253.125000000000	0.526708997967774
253.145833333333	0.526736647821854
253.166666666667	0.526764327398137
253.187500000000	0.526792036713340
253.208333333333	0.526819775784178
253.229166666667	0.526847544627363
253.250000000000	0.526875343259604
253.270833333333	0.526903171697603
253.291666666667	0.526931029958063
253.312500000000	0.526958918057680
253.333333333333	0.526986836013150
253.354166666667	0.527014783841161
253.375000000000	0.527042761558401
253.395833333333	0.527070769181554
253.416666666667	0.527098806727297
253.437500000000	0.527126874212308
253.458333333333	0.527154971653258
253.479166666667	0.527183099066814
253.500000000000	0.527211256469642
253.520833333333	0.527239443878402
253.541666666667	0.527267661309750
253.562500000000	0.527295908780339
253.583333333333	0.527324186306818
253.604166666667	0.527352493905831
253.625000000000	0.527380831594020
253.645833333333	0.527409199388020
253.666666666667	0.527437597304465
253.687500000000	0.527466025359983
253.708333333333	0.527494483571198
253.729166666667	0.527522971954730
253.750000000000	0.527551490527196
253.770833333333	0.527580039305207
253.791666666667	0.527608618305370
253.812500000000	0.527637227544290
253.833333333333	0.527665867038563
253.854166666667	0.527694536804786
253.875000000000	0.527723236859547
253.895833333333	0.527751967219434
253.916666666667	0.527780727901026
253.937500000000	0.527809518920901
253.958333333333	0.527838340295630
253.979166666667	0.527867192041781
254.000000000000	0.527896074175918
254.020833333333	0.527924986714598
254.041666666667	0.527953929674374
254.062500000000	0.527982903071797
254.083333333333	0.528011906923410
254.104166666667	0.528040941245753
254.125000000000	0.528070006055361
254.145833333333	0.528099101368763
254.166666666667	0.528128227202484
254.187500000000	0.528157383573045
254.208333333333	0.528186570496961
254.229166666667	0.528215787990741
254.250000000000	0.528245036070892
254.270833333333	0.528274314753914
254.291666666667	0.528303624056301
254.312500000000	0.528332963994545
254.333333333333	0.528362334585129
254.354166666667	0.528391735844534
254.375000000000	0.528421167789235
254.395833333333	0.528450630435701
254.416666666667	0.528480123800396
254.437500000000	0.528509647899778
254.458333333333	0.528539202750303
254.479166666667	0.528568788368418
254.500000000000	0.528598404770566
254.520833333333	0.528628051973184
254.541666666667	0.528657729992705
254.562500000000	0.528687438845556
254.583333333333	0.528717178548156
254.604166666667	0.528746949116923
254.625000000000	0.528776750568265
254.645833333333	0.528806582918588
254.666666666667	0.528836446184289
254.687500000000	0.528866340381763
254.708333333333	0.528896265527396
254.729166666667	0.528926221637570
254.750000000000	0.528956208728661
254.770833333333	0.528986226817039
254.791666666667	0.529016275919068
254.812500000000	0.529046356051107
254.833333333333	0.529076467229507
254.854166666667	0.529106609470617
254.875000000000	0.529136782790776
254.895833333333	0.529166987206318
254.916666666667	0.529197222733573
254.937500000000	0.529227489388863
254.958333333333	0.529257787188504
254.979166666667	0.529288116148806
255.000000000000	0.529318476286075
255.020833333333	0.529348867616606
255.041666666667	0.529379290156694
255.062500000000	0.529409743922622
255.083333333333	0.529440228930670
255.104166666667	0.529470745197111
255.125000000000	0.529501292738211
255.145833333333	0.529531871570230
255.166666666667	0.529562481709423
255.187500000000	0.529593123172036
255.208333333333	0.529623795974310
255.229166666667	0.529654500132479
255.250000000000	0.529685235662771
255.270833333333	0.529716002581407
255.291666666667	0.529746800904602
255.312500000000	0.529777630648563
255.333333333333	0.529808491829492
255.354166666667	0.529839384463582
255.375000000000	0.529870308567022
255.395833333333	0.529901264155993
255.416666666667	0.529932251246669
255.437500000000	0.529963269855216
255.458333333333	0.529994319997795
255.479166666667	0.530025401690561
255.500000000000	0.530056514949659
255.520833333333	0.530087659791228
255.541666666667	0.530118836231402
255.562500000000	0.530150044286306
255.583333333333	0.530181283972059
255.604166666667	0.530212555304771
255.625000000000	0.530243858300546
255.645833333333	0.530275192975483
255.666666666667	0.530306559345670
255.687500000000	0.530337957427191
255.708333333333	0.530369387236120
255.729166666667	0.530400848788526
255.750000000000	0.530432342100469
255.770833333333	0.530463867188003
255.791666666667	0.530495424067173
255.812500000000	0.530527012754018
255.833333333333	0.530558633264569
255.854166666667	0.530590285614850
255.875000000000	0.530621969820876
255.895833333333	0.530653685898656
255.916666666667	0.530685433864191
255.937500000000	0.530717213733474
255.958333333333	0.530749025522490
255.979166666667	0.530780869247217
256.000000000000	0.530812744923626
256.020833333333	0.530844652567679
256.041666666667	0.530876592195330
256.062500000000	0.530908563822526
256.083333333333	0.530940567465206
256.104166666667	0.530972603139302
256.125000000000	0.531004670860735
256.145833333333	0.531036770645422
256.166666666667	0.531068902509269
256.187500000000	0.531101066468175
256.208333333333	0.531133262538032
256.229166666667	0.531165490734723
256.250000000000	0.531197751074122
256.270833333333	0.531230043572096
256.291666666667	0.531262368244503
256.312500000000	0.531294725107195
256.333333333333	0.531327114176013
256.354166666667	0.531359535466790
256.375000000000	0.531391988995353
256.395833333333	0.531424474777518
256.416666666667	0.531456992829094
256.437500000000	0.531489543165882
256.458333333333	0.531522125803673
256.479166666667	0.531554740758251
256.500000000000	0.531587388045391
256.520833333333	0.531620067680859
256.541666666667	0.531652779680412
256.562500000000	0.531685524059801
256.583333333333	0.531718300834765
256.604166666667	0.531751110021038
256.625000000000	0.531783951634340
256.645833333333	0.531816825690388
256.666666666667	0.531849732204887
256.687500000000	0.531882671193533
256.708333333333	0.531915642672015
256.729166666667	0.531948646656012
256.750000000000	0.531981683161194
256.770833333333	0.532014752203223
256.791666666667	0.532047853797750
256.812500000000	0.532080987960420
256.833333333333	0.532114154706866
256.854166666667	0.532147354052714
256.875000000000	0.532180586013580
256.895833333333	0.532213850605072
256.916666666667	0.532247147842786
256.937500000000	0.532280477742312
256.958333333333	0.532313840319230
256.979166666667	0.532347235589109
257.000000000000	0.532380663567510
257.020833333333	0.532414124269985
257.041666666667	0.532447617712077
257.062500000000	0.532481143909318
257.083333333333	0.532514702877232
257.104166666667	0.532548294631332
257.125000000000	0.532581919187123
257.145833333333	0.532615576560101
257.166666666667	0.532649266765750
257.187500000000	0.532682989819548
257.208333333333	0.532716745736958
257.229166666667	0.532750534533440
257.250000000000	0.532784356224439
257.270833333333	0.532818210825392
257.291666666667	0.532852098351728
257.312500000000	0.532886018818863
257.333333333333	0.532919972242207
257.354166666667	0.532953958637156
257.375000000000	0.532987978019099
257.395833333333	0.533022030403415
257.416666666667	0.533056115805471
257.437500000000	0.533090234240627
257.458333333333	0.533124385724230
257.479166666667	0.533158570271619
257.500000000000	0.533192787898122
257.520833333333	0.533227038619057
257.541666666667	0.533261322449733
257.562500000000	0.533295639405447
257.583333333333	0.533329989501488
257.604166666667	0.533364372753131
257.625000000000	0.533398789175646
257.645833333333	0.533433238784288
257.666666666667	0.533467721594304
257.687500000000	0.533502237620931
257.708333333333	0.533536786879394
257.729166666667	0.533571369384909
257.750000000000	0.533605985152681
257.770833333333	0.533640634197904
257.791666666667	0.533675316535763
257.812500000000	0.533710032181430
257.833333333333	0.533744781150068
257.854166666667	0.533779563456831
257.875000000000	0.533814379116859
257.895833333333	0.533849228145282
257.916666666667	0.533884110557223
257.937500000000	0.533919026367790
257.958333333333	0.533953975592081
257.979166666667	0.533988958245185
258.000000000000	0.534023974342178
258.020833333333	0.534059023898128
258.041666666667	0.534094106928088
258.062500000000	0.534129223447104
258.083333333333	0.534164373470208
258.104166666667	0.534199557012424
258.125000000000	0.534234774088762
258.145833333333	0.534270024714223
258.166666666667	0.534305308903796
258.187500000000	0.534340626672459
258.208333333333	0.534375978035179
258.229166666667	0.534411363006912
258.250000000000	0.534446781602602
258.270833333333	0.534482233837182
258.291666666667	0.534517719725575
258.312500000000	0.534553239282690
258.333333333333	0.534588792523428
258.354166666667	0.534624379462677
258.375000000000	0.534660000115311
258.395833333333	0.534695654496198
258.416666666667	0.534731342620190
258.437500000000	0.534767064502129
258.458333333333	0.534802820156847
258.479166666667	0.534838609599161
258.500000000000	0.534874432843879
258.520833333333	0.534910289905797
258.541666666667	0.534946180799700
258.562500000000	0.534982105540358
258.583333333333	0.535018064142534
258.604166666667	0.535054056620975
258.625000000000	0.535090082990419
258.645833333333	0.535126143265591
258.666666666667	0.535162237461205
258.687500000000	0.535198365591961
258.708333333333	0.535234527672550
258.729166666667	0.535270723717650
258.750000000000	0.535306953741924
258.770833333333	0.535343217760029
258.791666666667	0.535379515786604
258.812500000000	0.535415847836279
258.833333333333	0.535452213923672
258.854166666667	0.535488614063388
258.875000000000	0.535525048270020
258.895833333333	0.535561516558149
258.916666666667	0.535598018942344
258.937500000000	0.535634555437160
258.958333333333	0.535671126057142
258.979166666667	0.535707730816822
259.000000000000	0.535744369730719
259.020833333333	0.535781042813339
259.041666666667	0.535817750079178
259.062500000000	0.535854491542718
259.083333333333	0.535891267218427
259.104166666667	0.535928077120764
259.125000000000	0.535964921264172
259.145833333333	0.536001799663084
259.166666666667	0.536038712331919
259.187500000000	0.536075659285083
259.208333333333	0.536112640536971
259.229166666667	0.536149656101964
259.250000000000	0.536186705994430
259.270833333333	0.536223790228725
259.291666666667	0.536260908819193
259.312500000000	0.536298061780162
259.333333333333	0.536335249125952
259.354166666667	0.536372470870865
259.375000000000	0.536409727029194
259.395833333333	0.536447017615217
259.416666666667	0.536484342643198
259.437500000000	0.536521702127392
259.458333333333	0.536559096082038
259.479166666667	0.536596524521361
259.500000000000	0.536633987459575
259.520833333333	0.536671484910880
259.541666666667	0.536709016889463
259.562500000000	0.536746583409498
259.583333333333	0.536784184485145
259.604166666667	0.536821820130551
259.625000000000	0.536859490359851
259.645833333333	0.536897195187164
259.666666666667	0.536934934626599
259.687500000000	0.536972708692249
259.708333333333	0.537010517398195
259.729166666667	0.537048360758502
259.750000000000	0.537086238787226
259.770833333333	0.537124151498405
259.791666666667	0.537162098906066
259.812500000000	0.537200081024223
259.833333333333	0.537238097866874
259.854166666667	0.537276149448005
259.875000000000	0.537314235781587
259.895833333333	0.537352356881579
259.916666666667	0.537390512761927
259.937500000000	0.537428703436559
259.958333333333	0.537466928919394
259.979166666667	0.537505189224333
260.000000000000	0.537543484365268
260.020833333333	0.537581814356072
260.041666666667	0.537620179210608
260.062500000000	0.537658578942723
260.083333333333	0.537697013566250
260.104166666667	0.537735483095009
260.125000000000	0.537773987542806
260.145833333333	0.537812526923432
260.166666666667	0.537851101250664
260.187500000000	0.537889710538265
260.208333333333	0.537928354799986
260.229166666667	0.537967034049560
260.250000000000	0.538005748300707
260.270833333333	0.538044497567136
260.291666666667	0.538083281862537
260.312500000000	0.538122101200588
260.333333333333	0.538160955594954
260.354166666667	0.538199845059282
260.375000000000	0.538238769607208
260.395833333333	0.538277729252352
260.416666666667	0.538316724008320
260.437500000000	0.538355753888703
260.458333333333	0.538394818907078
260.479166666667	0.538433919077007
260.500000000000	0.538473054412038
260.520833333333	0.538512224925704
260.541666666667	0.538551430631523
260.562500000000	0.538590671542999
260.583333333333	0.538629947673621
260.604166666667	0.538669259036864
260.625000000000	0.538708605646186
260.645833333333	0.538747987515033
260.666666666667	0.538787404656835
260.687500000000	0.538826857085006
260.708333333333	0.538866344812947
260.729166666667	0.538905867854043
260.750000000000	0.538945426221665
260.770833333333	0.538985019929168
260.791666666667	0.539024648989892
260.812500000000	0.539064313417162
260.833333333333	0.539104013224289
260.854166666667	0.539143748424568
260.875000000000	0.539183519031280
260.895833333333	0.539223325057688
260.916666666667	0.539263166517043
260.937500000000	0.539303043422580
260.958333333333	0.539342955787517
260.979166666667	0.539382903625058
261.000000000000	0.539422886948393
261.020833333333	0.539462905770695
261.041666666667	0.539502960105122
261.062500000000	0.539543049964816
261.083333333333	0.539583175362904
261.104166666667	0.539623336312500
261.125000000000	0.539663532826698
261.145833333333	0.539703764918579
261.166666666667	0.539744032601210
261.187500000000	0.539784335887639
261.208333333333	0.539824674790901
261.229166666667	0.539865049324015
261.250000000000	0.539905459499983
261.270833333333	0.539945905331792
261.291666666667	0.539986386832414
261.312500000000	0.540026904014804
261.333333333333	0.540067456891903
261.354166666667	0.540108045476635
261.375000000000	0.540148669781908
261.395833333333	0.540189329820614
261.416666666667	0.540230025605631
261.437500000000	0.540270757149819
261.458333333333	0.540311524466022
261.479166666667	0.540352327567070
261.500000000000	0.540393166465775
261.520833333333	0.540434041174934
261.541666666667	0.540474951707328
261.562500000000	0.540515898075721
261.583333333333	0.540556880292863
261.604166666667	0.540597898371484
261.625000000000	0.540638952324302
261.645833333333	0.540680042164016
261.666666666667	0.540721167903310
261.687500000000	0.540762329554852
261.708333333333	0.540803527131293
261.729166666667	0.540844760645268
261.750000000000	0.540886030109395
261.770833333333	0.540927335536277
261.791666666667	0.540968676938499
261.812500000000	0.541010054328631
261.833333333333	0.541051467719225
261.854166666667	0.541092917122818
261.875000000000	0.541134402551930
261.895833333333	0.541175924019065
261.916666666667	0.541217481536708
261.937500000000	0.541259075117331
261.958333333333	0.541300704773387
261.979166666667	0.541342370517311
262.000000000000	0.541384072361527
262.020833333333	0.541425810318435
262.041666666667	0.541467584400424
262.062500000000	0.541509394619862
262.083333333333	0.541551240989104
262.104166666667	0.541593123520486
262.125000000000	0.541635042226326
262.145833333333	0.541676997118929
262.166666666667	0.541718988210579
262.187500000000	0.541761015513545
262.208333333333	0.541803079040080
262.229166666667	0.541845178802417
262.250000000000	0.541887314812776
262.270833333333	0.541929487083355
262.291666666667	0.541971695626340
262.312500000000	0.542013940453897
262.333333333333	0.542056221578174
262.354166666667	0.542098539011306
262.375000000000	0.542140892765405
262.395833333333	0.542183282852571
262.416666666667	0.542225709284885
262.437500000000	0.542268172074408
262.458333333333	0.542310671233188
262.479166666667	0.542353206773253
262.500000000000	0.542395778706615
262.520833333333	0.542438387045267
262.541666666667	0.542481031801187
262.562500000000	0.542523712986333
262.583333333333	0.542566430612646
262.604166666667	0.542609184692052
262.625000000000	0.542651975236457
262.645833333333	0.542694802257749
262.666666666667	0.542737665767801
262.687500000000	0.542780565778468
262.708333333333	0.542823502301583
262.729166666667	0.542866475348967
262.750000000000	0.542909484932421
262.770833333333	0.542952531063727
262.791666666667	0.542995613754652
262.812500000000	0.543038733016943
262.833333333333	0.543081888862330
262.854166666667	0.543125081302526
262.875000000000	0.543168310349225
262.895833333333	0.543211576014102
262.916666666667	0.543254878308817
262.937500000000	0.543298217245011
262.958333333333	0.543341592834306
262.979166666667	0.543385005088307
263.000000000000	0.543428454018600
263.020833333333	0.543471939636755
263.041666666667	0.543515461954322
263.062500000000	0.543559020982832
263.083333333333	0.543602616733802
263.104166666667	0.543646249218728
263.125000000000	0.543689918449086
263.145833333333	0.543733624436338
263.166666666667	0.543777367191924
263.187500000000	0.543821146727270
263.208333333333	0.543864963053779
263.229166666667	0.543908816182839
263.250000000000	0.543952706125818
263.270833333333	0.543996632894067
263.291666666667	0.544040596498917
263.312500000000	0.544084596951682
263.333333333333	0.544128634263657
263.354166666667	0.544172708446118
263.375000000000	0.544216819510324
263.395833333333	0.544260967467515
263.416666666667	0.544305152328911
263.437500000000	0.544349374105715
263.458333333333	0.544393632809111
263.479166666667	0.544437928450265
263.500000000000	0.544482261040321
263.520833333333	0.544526630590411
263.541666666667	0.544571037111642
263.562500000000	0.544615480615104
263.583333333333	0.544659961111871
263.604166666667	0.544704478612995
263.625000000000	0.544749033129510
263.645833333333	0.544793624672433
263.666666666667	0.544838253252759
263.687500000000	0.544882918881466
263.708333333333	0.544927621569515
263.729166666667	0.544972361327844
263.750000000000	0.545017138167374
263.770833333333	0.545061952099009
263.791666666667	0.545106803133630
263.812500000000	0.545151691282103
263.833333333333	0.545196616555272
263.854166666667	0.545241578963963
263.875000000000	0.545286578518983
263.895833333333	0.545331615231120
263.916666666667	0.545376689111143
263.937500000000	0.545421800169801
263.958333333333	0.545466948417824
263.979166666667	0.545512133865924
264.000000000000	0.545557356524792
264.020833333333	0.545602616405101
264.041666666667	0.545647913517505
264.062500000000	0.545693247872636
264.083333333333	0.545738619481110
264.104166666667	0.545784028353523
264.125000000000	0.545829474500449
264.145833333333	0.545874957932446
264.166666666667	0.545920478660050
264.187500000000	0.545966036693779
264.208333333333	0.546011632044131
264.229166666667	0.546057264721584
264.250000000000	0.546102934736598
264.270833333333	0.546148642099612
264.291666666667	0.546194386821046
264.312500000000	0.546240168911300
264.333333333333	0.546285988380754
264.354166666667	0.546331845239770
264.375000000000	0.546377739498689
264.395833333333	0.546423671167832
264.416666666667	0.546469640257502
264.437500000000	0.546515646777980
264.458333333333	0.546561690739529
264.479166666667	0.546607772152390
264.500000000000	0.546653891026788
264.520833333333	0.546700047372923
264.541666666667	0.546746241200981
264.562500000000	0.546792472521122
264.583333333333	0.546838741343492
264.604166666667	0.546885047678212
264.625000000000	0.546931391535386
264.645833333333	0.546977772925097
264.666666666667	0.547024191857408
264.687500000000	0.547070648342363
264.708333333333	0.547117142389984
264.729166666667	0.547163674010274
264.750000000000	0.547210243213217
264.770833333333	0.547256850008775
264.791666666667	0.547303494406891
264.812500000000	0.547350176417486
264.833333333333	0.547396896050464
264.854166666667	0.547443653315705
264.875000000000	0.547490448223073
264.895833333333	0.547537280782407
264.916666666667	0.547584151003531
264.937500000000	0.547631058896243
264.958333333333	0.547678004470325
264.979166666667	0.547724987735537
265.000000000000	0.547772008701618
265.020833333333	0.547819067378287
265.041666666667	0.547866163775245
265.062500000000	0.547913297902168
265.083333333333	0.547960469768715
265.104166666667	0.548007679384524
265.125000000000	0.548054926759211
265.145833333333	0.548102211902372
265.166666666667	0.548149534823584
265.187500000000	0.548196895532401
265.208333333333	0.548244294038359
265.229166666667	0.548291730350970
265.250000000000	0.548339204479729
265.270833333333	0.548386716434107
265.291666666667	0.548434266223558
265.312500000000	0.548481853857511
265.333333333333	0.548529479345377
265.354166666667	0.548577142696547
265.375000000000	0.548624843920389
265.395833333333	0.548672583026250
265.416666666667	0.548720360023458
265.437500000000	0.548768174921319
265.458333333333	0.548816027729120
265.479166666667	0.548863918456124
265.500000000000	0.548911847111574
265.520833333333	0.548959813704694
265.541666666667	0.549007818244686
265.562500000000	0.549055860740730
265.583333333333	0.549103941201985
265.604166666667	0.549152059637591
265.625000000000	0.549200216056665
265.645833333333	0.549248410468303
265.666666666667	0.549296642881582
265.687500000000	0.549344913305555
265.708333333333	0.549393221749255
265.729166666667	0.549441568221695
265.750000000000	0.549489952731865
265.770833333333	0.549538375288736
265.791666666667	0.549586835901255
265.812500000000	0.549635334578349
265.833333333333	0.549683871328925
265.854166666667	0.549732446161868
265.875000000000	0.549781059086040
265.895833333333	0.549829710110283
265.916666666667	0.549878399243418
265.937500000000	0.549927126494245
265.958333333333	0.549975891871541
265.979166666667	0.550024695384063
266.000000000000	0.550073537040546
266.020833333333	0.550122416849702
266.041666666667	0.550171334820226
266.062500000000	0.550220290960786
266.083333333333	0.550269285280032
266.104166666667	0.550318317786592
266.125000000000	0.550367388489072
266.145833333333	0.550416497396055
266.166666666667	0.550465644516106
266.187500000000	0.550514829857765
266.208333333333	0.550564053429552
266.229166666667	0.550613315239964
266.250000000000	0.550662615297478
266.270833333333	0.550711953610549
266.291666666667	0.550761330187609
266.312500000000	0.550810745037070
266.333333333333	0.550860198167320
266.354166666667	0.550909689586728
266.375000000000	0.550959219303638
266.395833333333	0.551008787326376
266.416666666667	0.551058393663244
266.437500000000	0.551108038322520
266.458333333333	0.551157721312465
266.479166666667	0.551207442641314
266.500000000000	0.551257202317283
266.520833333333	0.551307000348562
266.541666666667	0.551356836743325
266.562500000000	0.551406711509719
266.583333333333	0.551456624655871
266.604166666667	0.551506576189885
266.625000000000	0.551556566119845
266.645833333333	0.551606594453812
266.666666666667	0.551656661199823
266.687500000000	0.551706766365896
266.708333333333	0.551756909960024
266.729166666667	0.551807091990181
266.750000000000	0.551857312464315
266.770833333333	0.551907571390357
266.791666666667	0.551957868776211
266.812500000000	0.552008204629760
266.833333333333	0.552058578958867
266.854166666667	0.552108991771370
266.875000000000	0.552159443075087
266.895833333333	0.552209932877812
266.916666666667	0.552260461187318
266.937500000000	0.552311028011354
266.958333333333	0.552361633357649
266.979166666667	0.552412277233908
267.000000000000	0.552462959647814
267.020833333333	0.552513680607027
267.041666666667	0.552564440119187
267.062500000000	0.552615238191908
267.083333333333	0.552666074832785
267.104166666667	0.552716950049388
267.125000000000	0.552767863849266
267.145833333333	0.552818816239945
267.166666666667	0.552869807228928
267.187500000000	0.552920836823697
267.208333333333	0.552971905031710
267.229166666667	0.553023011860403
267.250000000000	0.553074157317189
267.270833333333	0.553125341409460
267.291666666667	0.553176564144583
267.312500000000	0.553227825529903
267.333333333333	0.553279125572745
267.354166666667	0.553330464280407
267.375000000000	0.553381841660168
267.395833333333	0.553433257719282
267.416666666667	0.553484712464983
267.437500000000	0.553536205904478
267.458333333333	0.553587738044955
267.479166666667	0.553639308893578
267.500000000000	0.553690918457488
267.520833333333	0.553742566743803
267.541666666667	0.553794253759620
267.562500000000	0.553845979512009
267.583333333333	0.553897744008022
267.604166666667	0.553949547254687
267.625000000000	0.554001389259005
267.645833333333	0.554053270027960
267.666666666667	0.554105189568509
267.687500000000	0.554157147887588
267.708333333333	0.554209144992110
267.729166666667	0.554261180888963
267.750000000000	0.554313255585015
267.770833333333	0.554365369087109
267.791666666667	0.554417521402065
267.812500000000	0.554469712536682
267.833333333333	0.554521942497734
267.854166666667	0.554574211291971
267.875000000000	0.554626518926123
267.895833333333	0.554678865406896
267.916666666667	0.554731250740971
267.937500000000	0.554783674935006
267.958333333333	0.554836137995639
267.979166666667	0.554888639929483
268.000000000000	0.554941180743126
268.020833333333	0.554993760443135
268.041666666667	0.555046379036055
268.062500000000	0.555099036528404
268.083333333333	0.555151732926679
268.104166666667	0.555204468237355
268.125000000000	0.555257242466882
268.145833333333	0.555310055621686
268.166666666667	0.555362907708173
268.187500000000	0.555415798732721
268.208333333333	0.555468728701689
268.229166666667	0.555521697621411
268.250000000000	0.555574705498196
268.270833333333	0.555627752338334
268.291666666667	0.555680838148086
268.312500000000	0.555733962933694
268.333333333333	0.555787126701374
268.354166666667	0.555840329457322
268.375000000000	0.555893571207706
268.395833333333	0.555946851958674
268.416666666667	0.556000171716348
268.437500000000	0.556053530486830
268.458333333333	0.556106928276194
268.479166666667	0.556160365090495
268.500000000000	0.556213840935762
268.520833333333	0.556267355818000
268.541666666667	0.556320909743192
268.562500000000	0.556374502717297
268.583333333333	0.556428134746250
268.604166666667	0.556481805835962
268.625000000000	0.556535515992322
268.645833333333	0.556589265221194
268.666666666667	0.556643053528420
268.687500000000	0.556696880919815
268.708333333333	0.556750747401175
268.729166666667	0.556804652978268
268.750000000000	0.556858597656842
268.770833333333	0.556912581442618
268.791666666667	0.556966604341296
268.812500000000	0.557020666358550
268.833333333333	0.557074767500032
268.854166666667	0.557128907771371
268.875000000000	0.557183087178169
268.895833333333	0.557237305726008
268.916666666667	0.557291563420443
268.937500000000	0.557345860267007
268.958333333333	0.557400196271209
268.979166666667	0.557454571438535
269.000000000000	0.557508985774445
269.020833333333	0.557563439284376
269.041666666667	0.557617931973743
269.062500000000	0.557672463847935
269.083333333333	0.557727034912318
269.104166666667	0.557781645172233
269.125000000000	0.557836294632999
269.145833333333	0.557890983299911
269.166666666667	0.557945711178237
269.187500000000	0.558000478273225
269.208333333333	0.558055284590097
269.229166666667	0.558110130134052
269.250000000000	0.558165014910262
269.270833333333	0.558219938923881
269.291666666667	0.558274902180032
269.312500000000	0.558329904683820
269.333333333333	0.558384946440323
269.354166666667	0.558440027454595
269.375000000000	0.558495147731666
269.395833333333	0.558550307276543
269.416666666667	0.558605506094208
269.437500000000	0.558660744189620
269.458333333333	0.558716021567712
269.479166666667	0.558771338233396
269.500000000000	0.558826694191556
269.520833333333	0.558882089447054
269.541666666667	0.558937524004729
269.562500000000	0.558992997869394
269.583333333333	0.559048511045839
269.604166666667	0.559104063538829
269.625000000000	0.559159655353105
269.645833333333	0.559215286493383
269.666666666667	0.559270956964359
269.687500000000	0.559326666770698
269.708333333333	0.559382415917047
269.729166666667	0.559438204408026
269.750000000000	0.559494032248229
269.770833333333	0.559549899442230
269.791666666667	0.559605805994576
269.812500000000	0.559661751909790
269.833333333333	0.559717737192371
269.854166666667	0.559773761846795
269.875000000000	0.559829825877510
269.895833333333	0.559885929288944
269.916666666667	0.559942072085499
269.937500000000	0.559998254271552
269.958333333333	0.560054475851456
269.979166666667	0.560110736829541
270.000000000000	0.560167037210112
270.020833333333	0.560223376997447
270.041666666667	0.560279756195804
270.062500000000	0.560336174809414
270.083333333333	0.560392632842484
270.104166666667	0.560449130299197
270.125000000000	0.560505667183712
270.145833333333	0.560562243500162
270.166666666667	0.560618859252657
270.187500000000	0.560675514445283
270.208333333333	0.560732209082100
270.229166666667	0.560788943167144
270.250000000000	0.560845716704428
270.270833333333	0.560902529697940
270.291666666667	0.560959382151641
270.312500000000	0.561016274069471
270.333333333333	0.561073205455344
270.354166666667	0.561130176313150
270.375000000000	0.561187186646753
270.395833333333	0.561244236459994
270.416666666667	0.561301325756691
270.437500000000	0.561358454540633
270.458333333333	0.561415622815588
270.479166666667	0.561472830585300
270.500000000000	0.561530077853486
270.520833333333	0.561587364623839
270.541666666667	0.561644690900029
270.562500000000	0.561702056685700
270.583333333333	0.561759461984472
270.604166666667	0.561816906799940
270.625000000000	0.561874391135675
270.645833333333	0.561931914995224
270.666666666667	0.561989478382107
270.687500000000	0.562047081299822
270.708333333333	0.562104723751842
270.729166666667	0.562162405741613
270.750000000000	0.562220127272560
270.770833333333	0.562277888348080
270.791666666667	0.562335688971548
270.812500000000	0.562393529146313
270.833333333333	0.562451408875700
270.854166666667	0.562509328163008
270.875000000000	0.562567287011513
270.895833333333	0.562625285424466
270.916666666667	0.562683323405093
270.937500000000	0.562741400956595
270.958333333333	0.562799518082148
270.979166666667	0.562857674784906
271.000000000000	0.562915871067994
271.020833333333	0.562974106934516
271.041666666667	0.563032382387551
271.062500000000	0.563090697430150
271.083333333333	0.563149052065342
271.104166666667	0.563207446296132
271.125000000000	0.563265880125498
271.145833333333	0.563324353556395
271.166666666667	0.563382866591753
271.187500000000	0.563441419234476
271.208333333333	0.563500011487444
271.229166666667	0.563558643353514
271.250000000000	0.563617314835515
271.270833333333	0.563676025936253
271.291666666667	0.563734776658511
271.312500000000	0.563793567005043
271.333333333333	0.563852396978583
271.354166666667	0.563911266581836
271.375000000000	0.563970175817484
271.395833333333	0.564029124688186
271.416666666667	0.564088113196574
271.437500000000	0.564147141345254
271.458333333333	0.564206209136811
271.479166666667	0.564265316573803
271.500000000000	0.564324463658762
271.520833333333	0.564383650394198
271.541666666667	0.564442876782594
271.562500000000	0.564502142826409
271.583333333333	0.564561448528077
271.604166666667	0.564620793890008
271.625000000000	0.564680178914586
271.645833333333	0.564739603604170
271.666666666667	0.564799067961096
271.687500000000	0.564858571987673
271.708333333333	0.564918115686187
271.729166666667	0.564977699058898
271.750000000000	0.565037322108042
271.770833333333	0.565096984835828
271.791666666667	0.565156687244444
271.812500000000	0.565216429336049
271.833333333333	0.565276211112781
271.854166666667	0.565336032576749
271.875000000000	0.565395893730042
271.895833333333	0.565455794574719
271.916666666667	0.565515735112818
271.937500000000	0.565575715346352
271.958333333333	0.565635735277305
271.979166666667	0.565695794907641
272.000000000000	0.565755894239298
272.020833333333	0.565816033274186
272.041666666667	0.565876212014194
272.062500000000	0.565936430461184
272.083333333333	0.565996688616995
272.104166666667	0.566056986483438
272.125000000000	0.566117324062302
272.145833333333	0.566177701355350
272.166666666667	0.566238118364321
272.187500000000	0.566298575090926
272.208333333333	0.566359071536856
272.229166666667	0.566419607703772
272.250000000000	0.566480183593315
272.270833333333	0.566540799207098
272.291666666667	0.566601454546709
272.312500000000	0.566662149613713
272.333333333333	0.566722884409648
272.354166666667	0.566783658936030
272.375000000000	0.566844473194346
272.395833333333	0.566905327186063
272.416666666667	0.566966220912618
272.437500000000	0.567027154375427
272.458333333333	0.567088127575880
272.479166666667	0.567149140515341
272.500000000000	0.567210193195151
272.520833333333	0.567271285616624
272.541666666667	0.567332417781050
272.562500000000	0.567393589689696
272.583333333333	0.567454801343800
272.604166666667	0.567516052744579
272.625000000000	0.567577343893224
272.645833333333	0.567638674790898
272.666666666667	0.567700045438746
272.687500000000	0.567761455837880
272.708333333333	0.567822905989393
272.729166666667	0.567884395894351
272.750000000000	0.567945925553795
272.770833333333	0.568007494968741
272.791666666667	0.568069104140182
272.812500000000	0.568130753069082
272.833333333333	0.568192441756384
272.854166666667	0.568254170203005
272.875000000000	0.568315938409838
272.895833333333	0.568377746377747
272.916666666667	0.568439594107577
272.937500000000	0.568501481600144
272.958333333333	0.568563408856241
272.979166666667	0.568625375876634
273.000000000000	0.568687382662068
273.020833333333	0.568749429213259
273.041666666667	0.568811515530901
273.062500000000	0.568873641615661
273.083333333333	0.568935807468183
273.104166666667	0.568998013089085
273.125000000000	0.569060258478960
273.145833333333	0.569122543638377
273.166666666667	0.569184868567880
273.187500000000	0.569247233267988
273.208333333333	0.569309637739195
273.229166666667	0.569372081981969
273.250000000000	0.569434565996756
273.270833333333	0.569497089783974
273.291666666667	0.569559653344019
273.312500000000	0.569622256677260
273.333333333333	0.569684899784042
273.354166666667	0.569747582664685
273.375000000000	0.569810305319485
273.395833333333	0.569873067748712
273.416666666667	0.569935869952613
273.437500000000	0.569998711931406
273.458333333333	0.570061593685289
273.479166666667	0.570124515214434
273.500000000000	0.570187476518985
273.520833333333	0.570250477599066
273.541666666667	0.570313518454773
273.562500000000	0.570376599086178
273.583333333333	0.570439719493327
273.604166666667	0.570502879676245
273.625000000000	0.570566079634927
273.645833333333	0.570629319369348
273.666666666667	0.570692598879455
273.687500000000	0.570755918165172
273.708333333333	0.570819277226397
273.729166666667	0.570882676063004
273.750000000000	0.570946114674842
273.770833333333	0.571009593061736
273.791666666667	0.571073111223485
273.812500000000	0.571136669159864
273.833333333333	0.571200266870623
273.854166666667	0.571263904355488
273.875000000000	0.571327581614159
273.895833333333	0.571391298646311
273.916666666667	0.571455055451598
273.937500000000	0.571518852029644
273.958333333333	0.571582688380051
273.979166666667	0.571646564502397
274.000000000000	0.571710480396235
274.020833333333	0.571774436061091
274.041666666667	0.571838431496469
274.062500000000	0.571902466701848
274.083333333333	0.571966541676680
274.104166666667	0.572030656420397
274.125000000000	0.572094810932400
274.145833333333	0.572159005212071
274.166666666667	0.572223239258764
274.187500000000	0.572287513071810
274.208333333333	0.572351826650515
274.229166666667	0.572416179994161
274.250000000000	0.572480573102002
274.270833333333	0.572545005973272
274.291666666667	0.572609478607179
274.312500000000	0.572673991002904
274.333333333333	0.572738543159606
274.354166666667	0.572803135076420
274.375000000000	0.572867766752453
274.395833333333	0.572932438186790
274.416666666667	0.572997149378491
274.437500000000	0.573061900326593
274.458333333333	0.573126691030104
274.479166666667	0.573191521488013
274.500000000000	0.573256391699281
274.520833333333	0.573321301662843
274.541666666667	0.573386251377616
274.562500000000	0.573451240842484
274.583333333333	0.573516270056314
274.604166666667	0.573581339017944
274.625000000000	0.573646447726188
274.645833333333	0.573711596179838
274.666666666667	0.573776784377658
274.687500000000	0.573842012318391
274.708333333333	0.573907280000753
274.729166666667	0.573972587423438
274.750000000000	0.574037934585112
274.770833333333	0.574103321484420
274.791666666667	0.574168748119981
274.812500000000	0.574234214490390
274.833333333333	0.574299720594218
274.854166666667	0.574365266430010
274.875000000000	0.574430851996288
274.895833333333	0.574496477291549
274.916666666667	0.574562142314268
274.937500000000	0.574627847062892
274.958333333333	0.574693591535845
274.979166666667	0.574759375731528
275.000000000000	0.574825199648317
275.020833333333	0.574891063284562
275.041666666667	0.574956966638591
275.062500000000	0.575022909708707
275.083333333333	0.575088892493189
275.104166666667	0.575154914990289
275.125000000000	0.575220977198240
275.145833333333	0.575287079115245
275.166666666667	0.575353220739488
275.187500000000	0.575419402069126
275.208333333333	0.575485623102290
275.229166666667	0.575551883837091
275.250000000000	0.575618184271614
275.270833333333	0.575684524403918
275.291666666667	0.575750904232040
275.312500000000	0.575817323753992
275.333333333333	0.575883782967763
275.354166666667	0.575950281871316
275.375000000000	0.576016820462592
275.395833333333	0.576083398739505
275.416666666667	0.576150016699949
275.437500000000	0.576216674341789
275.458333333333	0.576283371662870
275.479166666667	0.576350108661012
275.500000000000	0.576416885334008
275.520833333333	0.576483701679632
275.541666666667	0.576550557695629
275.562500000000	0.576617453379725
275.583333333333	0.576684388729616
275.604166666667	0.576751363742980
275.625000000000	0.576818378417467
275.645833333333	0.576885432750705
275.666666666667	0.576952526740296
275.687500000000	0.577019660383822
275.708333333333	0.577086833678836
275.729166666667	0.577154046622871
275.750000000000	0.577221299213434
275.770833333333	0.577288591448010
275.791666666667	0.577355923324058
275.812500000000	0.577423294839014
275.833333333333	0.577490705990291
275.854166666667	0.577558156775277
275.875000000000	0.577625647191337
275.895833333333	0.577693177235811
275.916666666667	0.577760746906017
275.937500000000	0.577828356199247
275.958333333333	0.577896005112771
275.979166666667	0.577963693643835
276.000000000000	0.578031421789662
276.020833333333	0.578099189547448
276.041666666667	0.578166996914369
276.062500000000	0.578234843887575
276.083333333333	0.578302730464195
276.104166666667	0.578370656641330
276.125000000000	0.578438622416062
276.145833333333	0.578506627785446
276.166666666667	0.578574672746515
276.187500000000	0.578642757296278
276.208333333333	0.578710881431720
276.229166666667	0.578779045149804
276.250000000000	0.578847248447467
276.270833333333	0.578915491321624
276.291666666667	0.578983773769167
276.312500000000	0.579052095786963
276.333333333333	0.579120457371856
276.354166666667	0.579188858520668
276.375000000000	0.579257299230195
276.395833333333	0.579325779497211
276.416666666667	0.579394299318466
276.437500000000	0.579462858690688
276.458333333333	0.579531457610580
276.479166666667	0.579600096074822
276.500000000000	0.579668774080071
276.520833333333	0.579737491622961
276.541666666667	0.579806248700101
276.562500000000	0.579875045308078
276.583333333333	0.579943881443456
276.604166666667	0.580012757102775
276.625000000000	0.580081672282551
276.645833333333	0.580150626979279
276.666666666667	0.580219621189429
276.687500000000	0.580288654909449
276.708333333333	0.580357728135761
276.729166666667	0.580426840864767
276.750000000000	0.580495993092845
276.770833333333	0.580565184816349
276.791666666667	0.580634416031610
276.812500000000	0.580703686734937
276.833333333333	0.580772996922615
276.854166666667	0.580842346590906
276.875000000000	0.580911735736049
276.895833333333	0.580981164354259
276.916666666667	0.581050632441731
276.937500000000	0.581120139994633
276.958333333333	0.581189687009113
276.979166666667	0.581259273481295
277.000000000000	0.581328899407280
277.020833333333	0.581398564783145
277.041666666667	0.581468269604947
277.062500000000	0.581538013868717
277.083333333333	0.581607797570464
277.104166666667	0.581677620706176
277.125000000000	0.581747483271816
277.145833333333	0.581817385263324
277.166666666667	0.581887326676620
277.187500000000	0.581957307507597
277.208333333333	0.582027327752130
277.229166666667	0.582097387406067
277.250000000000	0.582167486465236
277.270833333333	0.582237624925440
277.291666666667	0.582307802782463
277.312500000000	0.582378020032062
277.333333333333	0.582448276669974
277.354166666667	0.582518572691913
277.375000000000	0.582588908093571
277.395833333333	0.582659282870614
277.416666666667	0.582729697018691
277.437500000000	0.582800150533423
277.458333333333	0.582870643410412
277.479166666667	0.582941175645237
277.500000000000	0.583011747233454
277.520833333333	0.583082358170594
277.541666666667	0.583153008452171
277.562500000000	0.583223698073673
277.583333333333	0.583294427030565
277.604166666667	0.583365195318292
277.625000000000	0.583436002932275
277.645833333333	0.583506849867914
277.666666666667	0.583577736120584
277.687500000000	0.583648661685642
277.708333333333	0.583719626558418
277.729166666667	0.583790630734224
277.750000000000	0.583861674208346
277.770833333333	0.583932756976051
277.791666666667	0.584003879032582
277.812500000000	0.584075040373160
277.833333333333	0.584146240992985
277.854166666667	0.584217480887233
277.875000000000	0.584288760051059
277.895833333333	0.584360078479596
277.916666666667	0.584431436167956
277.937500000000	0.584502833111226
277.958333333333	0.584574269304474
277.979166666667	0.584645744742745
278.000000000000	0.584717259421060
278.020833333333	0.584788813334421
278.041666666667	0.584860406477808
278.062500000000	0.584932038846177
278.083333333333	0.585003710434463
278.104166666667	0.585075421237580
278.125000000000	0.585147171250420
278.145833333333	0.585218960467851
278.166666666667	0.585290788884724
278.187500000000	0.585362656495862
278.208333333333	0.585434563296071
278.229166666667	0.585506509280135
278.250000000000	0.585578494442813
278.270833333333	0.585650518778846
278.291666666667	0.585722582282951
278.312500000000	0.585794684949825
278.333333333333	0.585866826774142
278.354166666667	0.585939007750557
278.375000000000	0.586011227873699
278.395833333333	0.586083487138179
278.416666666667	0.586155785538587
278.437500000000	0.586228123069488
278.458333333333	0.586300499725429
278.479166666667	0.586372915500935
278.500000000000	0.586445370390508
278.520833333333	0.586517864388629
278.541666666667	0.586590397489760
278.562500000000	0.586662969688338
278.583333333333	0.586735580978782
278.604166666667	0.586808231355489
278.625000000000	0.586880920812832
278.645833333333	0.586953649345167
278.666666666667	0.587026416946827
278.687500000000	0.587099223612122
278.708333333333	0.587172069335343
278.729166666667	0.587244954110761
278.750000000000	0.587317877932622
278.770833333333	0.587390840795155
278.791666666667	0.587463842692566
278.812500000000	0.587536883619041
278.833333333333	0.587609963568742
278.854166666667	0.587683082535815
278.875000000000	0.587756240514381
278.895833333333	0.587829437498543
278.916666666667	0.587902673482381
278.937500000000	0.587975948459954
278.958333333333	0.588049262425302
278.979166666667	0.588122615372444
279.000000000000	0.588196007295376
279.020833333333	0.588269438188076
279.041666666667	0.588342908044500
279.062500000000	0.588416416858584
279.083333333333	0.588489964624242
279.104166666667	0.588563551335369
279.125000000000	0.588637176985837
279.145833333333	0.588710841569501
279.166666666667	0.588784545080194
279.187500000000	0.588858287511726
279.208333333333	0.588932068857890
279.229166666667	0.589005889112457
279.250000000000	0.589079748269178
279.270833333333	0.589153646321782
279.291666666667	0.589227583263981
279.312500000000	0.589301559089463
279.333333333333	0.589375573791899
279.354166666667	0.589449627364936
279.375000000000	0.589523719802205
279.395833333333	0.589597851097314
279.416666666667	0.589672021243851
279.437500000000	0.589746230235384
279.458333333333	0.589820478065463
279.479166666667	0.589894764727614
279.500000000000	0.589969090215346
279.520833333333	0.590043454522147
279.541666666667	0.590117857641485
279.562500000000	0.590192299566808
279.583333333333	0.590266780291544
279.604166666667	0.590341299809102
279.625000000000	0.590415858112868
279.645833333333	0.590490455196213
279.666666666667	0.590565091052485
279.687500000000	0.590639765675011
279.708333333333	0.590714479057102
279.729166666667	0.590789231192046
279.750000000000	0.590864022073114
279.770833333333	0.590938851693555
279.791666666667	0.591013720046599
279.812500000000	0.591088627125458
279.833333333333	0.591163572923321
279.854166666667	0.591238557433362
279.875000000000	0.591313580648731
279.895833333333	0.591388642562561
279.916666666667	0.591463743167965
279.937500000000	0.591538882458038
279.958333333333	0.591614060425853
279.979166666667	0.591689277064465
280.000000000000	0.591764532366910
280.020833333333	0.591839826326204
280.041666666667	0.591915158935344
280.062500000000	0.591990530187308
280.083333333333	0.592065940075054
280.104166666667	0.592141388591523
280.125000000000	0.592216875729633
280.145833333333	0.592292401482287
280.166666666667	0.592367965842367
280.187500000000	0.592443568802735
280.208333333333	0.592519210356235
280.229166666667	0.592594890495693
280.250000000000	0.592670609213916
280.270833333333	0.592746366503689
280.291666666667	0.592822162357782
280.312500000000	0.592897996768944
280.333333333333	0.592973869729906
280.354166666667	0.593049781233380
280.375000000000	0.593125731272059
280.395833333333	0.593201719838618
280.416666666667	0.593277746925712
280.437500000000	0.593353812525979
280.458333333333	0.593429916632037
280.479166666667	0.593506059236487
280.500000000000	0.593582240331909
280.520833333333	0.593658459910867
280.541666666667	0.593734717965906
280.562500000000	0.593811014489551
280.583333333333	0.593887349474310
280.604166666667	0.593963722912674
280.625000000000	0.594040134797111
280.645833333333	0.594116585120076
280.666666666667	0.594193073874003
280.687500000000	0.594269601051308
280.708333333333	0.594346166644389
280.729166666667	0.594422770645626
280.750000000000	0.594499413047380
280.770833333333	0.594576093841996
280.791666666667	0.594652813021800
280.812500000000	0.594729570579097
280.833333333333	0.594806366506180
280.854166666667	0.594883200795318
280.875000000000	0.594960073438766
280.895833333333	0.595036984428760
280.916666666667	0.595113933757518
280.937500000000	0.595190921417240
280.958333333333	0.595267947400109
280.979166666667	0.595345011698289
281.000000000000	0.595422114303929
281.020833333333	0.595499255209156
281.041666666667	0.595576434406083
281.062500000000	0.595653651886805
281.083333333333	0.595730907643397
281.104166666667	0.595808201667920
281.125000000000	0.595885533952415
281.145833333333	0.595962904488906
281.166666666667	0.596040313269400
281.187500000000	0.596117760285887
281.208333333333	0.596195245530339
281.229166666667	0.596272768994710
281.250000000000	0.596350330670940
281.270833333333	0.596427930550947
281.291666666667	0.596505568626637
281.312500000000	0.596583244889893
281.333333333333	0.596660959332587
281.354166666667	0.596738711946569
281.375000000000	0.596816502723675
281.395833333333	0.596894331655723
281.416666666667	0.596972198734514
281.437500000000	0.597050103951832
281.458333333333	0.597128047299444
281.479166666667	0.597206028769102
281.500000000000	0.597284048352538
281.520833333333	0.597362106041469
281.541666666667	0.597440201827597
281.562500000000	0.597518335702603
281.583333333333	0.597596507658156
281.604166666667	0.597674717685906
281.625000000000	0.597752965777485
281.645833333333	0.597831251924512
281.666666666667	0.597909576118589
281.687500000000	0.597987938351297
281.708333333333	0.598066338614206
281.729166666667	0.598144776898867
281.750000000000	0.598223253196816
281.770833333333	0.598301767499571
281.791666666667	0.598380319798635
281.812500000000	0.598458910085495
281.833333333333	0.598537538351621
281.854166666667	0.598616204588467
281.875000000000	0.598694908787472
281.895833333333	0.598773650940057
281.916666666667	0.598852431037629
281.937500000000	0.598931249071577
281.958333333333	0.599010105033277
281.979166666667	0.599088998914085
282.000000000000	0.599167930705346
282.020833333333	0.599246900398385
282.041666666667	0.599325907984515
282.062500000000	0.599404953455028
282.083333333333	0.599484036801207
282.104166666667	0.599563158014313
282.125000000000	0.599642317085597
282.145833333333	0.599721514006289
282.166666666667	0.599800748767609
282.187500000000	0.599880021360757
282.208333333333	0.599959331776921
282.229166666667	0.600038680007270
282.250000000000	0.600118066042961
282.270833333333	0.600197489875134
282.291666666667	0.600276951494915
282.312500000000	0.600356450893412
282.333333333333	0.600435988061721
282.354166666667	0.600515562990922
282.375000000000	0.600595175672078
282.395833333333	0.600674826096240
282.416666666667	0.600754514254442
282.437500000000	0.600834240137703
282.458333333333	0.600914003737028
282.479166666667	0.600993805043407
282.500000000000	0.601073644047814
282.520833333333	0.601153520741209
282.541666666667	0.601233435114539
282.562500000000	0.601313387158733
282.583333333333	0.601393376864707
282.604166666667	0.601473404223363
282.625000000000	0.601553469225588
282.645833333333	0.601633571862254
282.666666666667	0.601713712124218
282.687500000000	0.601793890002324
282.708333333333	0.601874105487400
282.729166666667	0.601954358570263
282.750000000000	0.602034649241710
282.770833333333	0.602114977492530
282.791666666667	0.602195343313493
282.812500000000	0.602275746695357
282.833333333333	0.602356187628865
282.854166666667	0.602436666104747
282.875000000000	0.602517182113718
282.895833333333	0.602597735646480
282.916666666667	0.602678326693720
282.937500000000	0.602758955246110
282.958333333333	0.602839621294311
282.979166666667	0.602920324828970
283.000000000000	0.603001065840717
283.020833333333	0.603081844320170
283.041666666667	0.603162660257936
283.062500000000	0.603243513644603
283.083333333333	0.603324404470751
283.104166666667	0.603405332726942
283.125000000000	0.603486298403727
283.145833333333	0.603567301491642
283.166666666667	0.603648341981212
283.187500000000	0.603729419862946
283.208333333333	0.603810535127341
283.229166666667	0.603891687764881
283.250000000000	0.603972877766035
283.270833333333	0.604054105121261
283.291666666667	0.604135369821002
283.312500000000	0.604216671855691
283.333333333333	0.604298011215743
283.354166666667	0.604379387891565
283.375000000000	0.604460801873548
283.395833333333	0.604542253152071
283.416666666667	0.604623741717500
283.437500000000	0.604705267560188
283.458333333333	0.604786830670477
283.479166666667	0.604868431038693
283.500000000000	0.604950068655152
283.520833333333	0.605031743510157
283.541666666667	0.605113455593997
283.562500000000	0.605195204896951
283.583333333333	0.605276991409282
283.604166666667	0.605358815121244
283.625000000000	0.605440676023076
283.645833333333	0.605522574105008
283.666666666667	0.605604509357253
283.687500000000	0.605686481770015
283.708333333333	0.605768491333487
283.729166666667	0.605850538037845
283.750000000000	0.605932621873259
283.770833333333	0.606014742829881
283.791666666667	0.606096900897856
283.812500000000	0.606179096067314
283.833333333333	0.606261328328374
283.854166666667	0.606343597671144
283.875000000000	0.606425904085718
283.895833333333	0.606508247562181
283.916666666667	0.606590628090604
283.937500000000	0.606673045661047
283.958333333333	0.606755500263560
283.979166666667	0.606837991888179
284.000000000000	0.606920520524930
284.020833333333	0.607003086163827
284.041666666667	0.607085688794873
284.062500000000	0.607168328408060
284.083333333333	0.607251004993367
284.104166666667	0.607333718540763
284.125000000000	0.607416469040206
284.145833333333	0.607499256481643
284.166666666667	0.607582080855008
284.187500000000	0.607664942150226
284.208333333333	0.607747840357211
284.229166666667	0.607830775465865
284.250000000000	0.607913747466078
284.270833333333	0.607996756347732
284.291666666667	0.608079802100698
284.312500000000	0.608162884714833
284.333333333333	0.608246004179985
284.354166666667	0.608329160485994
284.375000000000	0.608412353622685
284.395833333333	0.608495583579875
284.416666666667	0.608578850347371
284.437500000000	0.608662153914968
284.458333333333	0.608745494272451
284.479166666667	0.608828871409595
284.500000000000	0.608912285316165
284.520833333333	0.608995735981915
284.541666666667	0.609079223396589
284.562500000000	0.609162747549920
284.583333333333	0.609246308431634
284.604166666667	0.609329906031444
284.625000000000	0.609413540339053
284.645833333333	0.609497211344156
284.666666666667	0.609580919036437
284.687500000000	0.609664663405570
284.708333333333	0.609748444441220
284.729166666667	0.609832262133041
284.750000000000	0.609916116470679
284.770833333333	0.610000007443769
284.791666666667	0.610083935041936
284.812500000000	0.610167899254797
284.833333333333	0.610251900071961
284.854166666667	0.610335937483023
284.875000000000	0.610420011477572
284.895833333333	0.610504122045186
284.916666666667	0.610588269175437
284.937500000000	0.610672452857884
284.958333333333	0.610756673082078
284.979166666667	0.610840929837561
285.000000000000	0.610925223113868
285.020833333333	0.611009552900522
